S02B00002F686F6D652F6875796E682F53696D706C696369747953747564696F2F76365F776F726B737061632F
S315080000000010002095090008BD6C0008BD6C0008AA
S31508000010BD6C0008BD6C0008BD6C0008BD6C00080E
S31508000020BD6C0008BD6C0008BD6C0008BD6C0008FE
S31508000030BD6C0008BD6C0008BD6C0008BD6C0008EE
S31508000040BD6C0008BD6C0008BD6C0008BD6C0008DE
S31508000050BD6C0008BD6C0008BD6C0008BD6C0008CE
S31508000060BD6C0008BD6C0008BD6C0008BD6C0008BE
S31508000070BD6C0008BD6C0008755A0008217600089A
S31508000080BD6C0008BD6C0008BD6C0008BD6C00089E
S31508000090BD6C0008BD6C0008BD6C0008BD6C00088E
S315080000A0BD6C0008BD6C0008BD6C0008BD6C00087E
S315080000B0BD6C0008BD6C0008BD6C0008BD6C00086E
S315080000C0BD6C0008BD6C0008BD6C0008CD1C00089E
S315080000D0BD6C0008BD6C0008BD6C0008010D000869
S315080000E0E10C0008456F00084B6F0008516F0008C7
S315080000F0BD6C0008BD6C0008BD6C0008BD6C00082E
S31508000100BD6C0008BD6C0008BD6C0008BD6C00081D
S31508000110BD6C0008BD6C0008BD6C0008BD6C00080D
S31508000120BD6C0008BD6C0008BD6C0008BD6C0008FD
S31508000130BD6C0008BD6C0008BD6C0008BD6C0008ED
S31508000140BD6C0008BD6C0008BD6C0008BD6C0008DD
S31508000150BD6C0008BD6C0008BD6C0008BD6C0008CD
S31508000160BD6C0008BD6C0008BD6C0008BD6C0008BD
S31508000170BD6C0008BD6C0008BD6C0008BD6C0008AD
S31508000180BD6C0008BD6C0008BD6C0008BF82000885
S31508000190BD6C0008BD6C0008BD6C0008BD6C00088D
S315080001A0BD6C0008BD6C0008BD6C0008BD6C00087D
S309080001B0BD6C00080C
S315080001C0013800D0FCE770472DE9F04F93B0CDE930
S315080001D00A32DDE91C530E9353EC102BCDE90801C6
S315080001E0104619468DED060B1E9E06F06DF880B179
S315080001F0DDE906014FF0FF32C54B06F08DF840B930
S31508000200DDE906014FF0FF326FF4801306F066F859
S3150800021070B1DDE908019DED060B0E9B1E96CDE932
S315080002201C53DDE90A3213B0BDE8F04F00F088B977
S315080002300022DDE90601002306F050F8002800F048
S315080002403381DDE906A303F1004BCBF30A5016F41C
S315080002508063A0F2FF3008BF06250F9305F062FD04
S315080002609BA3D3E9002305F0C7FD9BA3D3E900238D
S3150800027005F00CFCCBF31304894644F07F51804605
S315080002800022A44B504641F4401105F0FDFB94A30F
S31508000290D3E9002305F0B0FD02460B464046494621
S315080002A005F0F4FB06F042F8044605F03BFD8EA384
S315080002B0D3E900238046894605F09EFD0022964B29
S315080002C005F0E4FB06F032F889A3D3E900230746D4
S315080002D04946404605F090FD80463846894605F071
S315080002E021FD85A3D3E9002305F086FD02460B46CA
S315080002F04046494605F0C8FB02460B46CDE90C23A5
S3150800030005F07AFDDDE90C23804689461046194634
S3150800031005F0BCFB0022CDE91001804B404649465A
S3150800032005F094FE00227E4B05F0B0FB02460B4614
S315080003304046494605F08AFE00227A4B05F0A6FBA0
S3150800034002460B464046494605F080FEDDE90C2389
S315080003508046894600204FF0804105F095FB02460D
S315080003600B464046494605F091FB02460B46DDE939
S31508000370100105F06BFE07F2FF3700226A4B05F005
S3150800038085FB00223B0505F037FD52465B46804655
S31508000390894605F0C1FF002840F08980CDE90C891F
S315080003A004F16303C72B34BF0427052731051BD582
S315080003B053A3D3E900235046594605F0A3FF002866
S315080003C07FD051A3D3E900235046594605F086FF4E
S315080003D0002876D00027A542C6BF2C1B04F1FF359E
S315080003E000253C4646F480660E9B9F422CBF4FF084
S315080003F00008A3EB070816F0020903D0002F18BF60
S315080004004FF000083CB1DDE90C235046594605F08B
S315080004101DFE82468B46DDE906010022002305F013
S315080004205DFF10B10BF100439B46DDE9080126F498
S315080004300063CDE90183DDE90A324BEC10AB009588
S3150800044000F07EF802465FB3DDE9091316F0200FC7
S3150800045000F10105089E0CBF65204520B047DDE97F
S3150800046008010523002205930A23002CCDE9023250
S3150800047007F1FF374FEAD473B8BF64422A4601939F
S3150800048004970A9B009407F008F80246B9F1000F92
S3150800049006D00B9BC41A0B9B1A190E9BA34245D870
S315080004A0104613B0BDE8F08FDDE906ABCDE60022B5
S315080004B0404649461A4B05F0C9FD013CCDE90C01F9
S315080004C06EE7002D90D00F9B002B8DD0013D8BE75A
S315080004D0FB799F501344D33FB3C8608B288AC63F25
S315080004E061436F63A787D23F71A379094F930A4087
S315080004F01655B5BBB16B0240EF39FAFE422EE63F00
S315080005002D431CEBE2361A3F0000000080842E4182
S31508000510FFFFEF7F0000F83F0000E03F00002C409F
S3150800052000002440000018400000F03F2020DDE9CC
S315080005300913089DA8470134ADE700BF0000000075
S315080005402DE9F04F5BEC10AB97B0CDE90501DDE97D
S315080005502057CDE90723504652465B465946229E08
S3150800056005F0B2FE70B90323CDE902760193B04BCC
S315080005700093DDE90501DDE9072306F0AEFE17B0B5
S31508000580BDE8F08F4FF0FF326FF48013504659469E
S3150800059005F0A4FE28B10423CDE902760193A54B04
S315080005A0E6E74FF0FF3250465946A34B05F0B4FE36
S315080005B068B1A24A06F00403002B08BF0322A04B29
S315080005C01CBF13460422CDE902760192D0E75046B5
S315080005D093A3D3E90023594605F09EFE38B992A3A2
S315080005E0D3E900235046594605F078FE68B1DDE99F
S315080005F00723DDE905014BEC10ABCDE92176209503
S3150800060017B0BDE8F04FFFF7DFBD002200235046C4
S31508000610594605F063FE002800F09A805B4652466C
S315080006200020002105F030FA012382468B46099303
S3150800063016F4806400F08E80092D40F28E80002426
S3150800064030210EABA5F109020134202C03F8011B59
S31508000650A5EB040901D09442F6D15946504605F057
S3150800066065FE784B054603EBC90393ED007B8DEDDC
S315080006700A7B05F057FB02460B465046594605F0DD
S3150800068003FADDE90A2305F0B7FB02460B46CDE976
S315080006900C2305F073FE804605F034FB02460B4634
S315080006A0DDE90C0105F0F0F902460B46CDE90C230D
S315080006B00022654B05F030FE002851D008F10108EC
S315080006C0404605F01FFB02460B46DDE90A0105F028
S315080006D00FFE10B14FF000080135B9F1000F50D1E7
S315080006E0284605F01FFB02460B465046594605F0BC
S315080006F0CBF90022544B8046894605F0EFFD30B110
S31508000700002240464946504B05F006FE10B1E80760
S3150800071000D501350A210EAB1A19202C0AD095FBF3
S31508000720F1F001FB1055303502F8015B013405463E
S315080007300028F2D106F00302012A57D1002F55D01E
S31508000740099A12B916F00C0F00D0013F302245E085
S3150800075009906DE74FF006097FE7A94600247CE774
S315080007600022DDE90C01384B05F0B8FD0028B4D1AC
S31508000770B8F1000F02D018F0010FAED008F1010849
S31508000780ABE70A210EAB2344202C0ED0B8FBF1F0C0
S3150800079001FB1082B8F1090F02F1300209F1FF39A5
S315080007A004F1010403F8012B11D83021A1440EAA43
S315080007B0202CAFD0A14504F101030AD11C4609F14A
S315080007C058030DEB03092E2309F8203CA2E78046BF
S315080007D0DAE7A1541C46EBE71A550134A74205D9B6
S315080007E0202CF9D1CDE902760194C1E6202CF9D066
S315080007F0099A3AB12D2104F158026A4402F8201CDC
S315080008000134EFE7710704D504F158022B216A4435
S31508000810F4E73207E6D504F1580220216A44EDE7E9
S315080008200000000065CDCD410000000065CDCDC1BA
S315080008306391000867910008FFFFEF7F5A9100084F
S315080008405F910008709100080000E03F0348044BE0
S31508000850834202D0034B03B118477047F8170020AC
S31508000860F817002000000000064B0749C91A89102E
S3150800087048BF0131491003D0044B0BB10148184752
S31508000880704700BFF8170020F81700200000000086
S3150800089010B5064C237843B9FFF7D8FF044B13B1BC
S315080008A00448AFF300800123237010BD0C17002005
S315080008B000000000B093000808B5054B1BB10549B8
S315080008C00548AFF30080BDE80840FFF7CDBF00BF7D
S315080008D00000000000100020B0930008A3F5803A3D
S315080008E0704700BF174B002B08BF134B9D46FFF7F9
S315080008F0F5FF00218B460F461348144A121A06F0D4
S3150800090009FF0E4B002B00D098470D4B002B00D04B
S3150800091098470020002104000D000D48002802D049
S315080009200C48AFF3008005F0EBFE2000290006F026
S3150800093079FE05F0D3FE00BF0000080000000000A5
S3150800094000000000001000200010002038170020CA
S31508000950000000000000000008B5034807F007FC87
S31508000960BDE8084006F033BE588D0008014807F078
S31508000970FEBB00BF588D00080348044A0449121AF2
S31508000980921006F09CB900BFB4010008B401000833
S315080009903817002008B5154B83F30A8800F030F89D
S315080009A0FFF7EAFF124B13498B4212D30020124B72
S315080009B012498B4218D3FFF795FF186850F8224062
S315080009C0586840F82240013298688242F5D30C33C1
S315080009D0EAE70022F8E71C6844F8220001325C685E
S315080009E0A242F8D30833E4E70022F8E70000002023
S315080009F0B8930008C4930008C4930008C493000879
S31508000A004FF48041144B154A70B59A60D3F8882084
S31508000A10134D42F47002C3F88820124A05F50054B3
S31508000A2091664FF0FF3222666FF4003262660D223D
S31508000A30A2660222C3F8D020BFF34F8FBFF36F8F91
S31508000A404FF44036002003F083FD0020E66003F0F3
S31508000A504DFD2E6170BD00BF00ED00E000000008EE
S31508000A600080004400900050014B1860704700BF9A
S31508000A703C170020054B1860054B1B6F03F0070356
S31508000A80032B01D106F048BF704700BF441700206A
S31508000A900080005038B504460D4601B118B9452105
S31508000AA0044806F019F9236813B92B60256038BD88
S31508000AB01C46F8E71883000810B5044618B95621ED
S31508000AC0044806F009F9206818B103682360002372
S31508000AD0036010BD18830008002307B52948019351
S31508000AE007F045FB4FF44073012204216846ADF830
S31508000AF0003000F0BFF80122234B0520C3F8442438
S31508000B0001A907F02FFB002839D1204BD3F8F02094
S31508000B1042F00102C3F8F020D3F8FC2042F08072BC
S31508000B20C3F8FC201A4AA3F55D431A60019B194ACB
S31508000B3003F5D52303F2FC43B3FBF2F3164A013B54
S31508000B4013610223C2F8F0304FF48073C2F80433FD
S31508000B504FF06043114AC3F8B02F114AC3F8802EEC
S31508000B60D3F8002E42F48072C3F8002EFF2283F8D1
S31508000B702020D3F8002E22F48072C3F8002E03B08A
S31508000B805DF804FB588D000800D0035000ED00E026
S31508000B90FF030040F8590D00000004E055CEACC52F
S31508000BA0090001004FF06043D3F8802E30B5D20714
S31508000BB015D501240B4D8440D5F8FC2042F08072EF
S31508000BC0C5F8FC20D3F8002E2243C3F8002E53F8AC
S31508000BD02020002AF0D003F82010002030BD112074
S31508000BE0FCE700BF00ED00E0F8B504460127124D0A
S31508000BF00CB314F001000BD0002024F0010405EB1F
S31508000C00C0021668002EF3D05168C0B2B047EFE7AD
S31508000C102246013020284FEA520201D0D307F8D5E0
S31508000C2007FA00F20F2824EA0204E8D9421E05EB67
S31508000C30C2021038E5E7F8BD1810002008B50C48C0
S31508000C4007F095FA272003F06BFC28B1272003F05C
S31508000C507FFC272003F04AFC282003F061FC28B11A
S31508000C60282003F075FC282003F040FC002008BD6E
S31508000C70588D0008F8B50D461646044628B9164894
S31508000C80892106F029F82220F8BD0F2903D98C21DD
S31508000C90114806F021F82378DBB1013BDBB2022BC1
S31508000CA006D80E4A32F813306278D340DB0703D4ED
S31508000CB08D21094806F010F807F04EFA0746324625
S31508000CC02946204602F0A4FF384607F040FA0020DD
S31508000CD0DAE7FF23E8E700BF9A8300081E840008C6
S31508000CE008B502F08BFF054B00F0553020F0A04008
S31508000CF0C3F82004BDE80840FFF776BF00E00350BC
S31508000D0008B502F07BFF054B00F0AA3020F0204022
S31508000D10C3F82004BDE80840FFF766BF00E00350AB
S31508000D2038B5036805461C68B4F1B64F23D0164B90
S31508000D309C4222D003F580439C4220D003F5804391
S31508000D409C4220D12C2003F0B3FB204606F064F920
S31508000D5020460E4903F040F82B7993B995F87E3072
S31508000D60002B14BF4FF4FC614FF4F8612046BDE830
S31508000D70384002F0F5BF2920E5E72A20E3E72B20D3
S31508000D80E1E70349F2E738BD00000B50FFFF1F00FB
S31508000D90E4060100B0F1B64F10B504460FD00B4B70
S31508000DA098420CD003F58043984208D003F5804357
S31508000DB0984204D040F25911054805F08DFF636842
S31508000DC0DB0744BF0823E36010BD00BF00000B50DB
S31508000DD024840008B0F1B64F10B504460FD00B4B6B
S31508000DE098420CD003F58043984208D003F5804317
S31508000DF0984204D040F22911054805F06DFF636852
S31508000E00DB0744BF0423E36010BD00BF00000B509E
S31508000E10248400082DE9F74F9A460368C7881D6899
S31508000E2002237E007F2F80F87C300446B3B28846C2
S31508000E3091464FF0000B06F0FE061BD91B0A03F07D
S31508000E400603B34643F0F00605F0B4FF00900D9B89
S31508000E50BBB105F0AFFF009BC01A0D9B984210D39B
S31508000E602023EB600B23072284F87D30104603B05D
S31508000E70BDE8F08F90F87E30012B08BF46F00106DA
S31508000E80E2E7284602F0C6FF10F4C062034617D010
S31508000E906A490090284602F09FFF2022009BEA60DC
S31508000EA099054FF000024CBF0423052384F87C20E3
S31508000EB047BF84F87D3031222F2284F87D30D5E76C
S31508000EC094F87C1002390B2900F2AE80DFE801F0B5
S31508000ED0061133ACAC3D47AC4E607598284603F016
S31508000EE0CFF83146284602F0B3FF0323A4F87C3036
S31508000EF0ADE75A0613D54021284602F06DFF7F2F2D
S31508000F0007D95946284602F0A3FF042384F87C3003
S31508000F109DE794F87E30012B40D10C23F6E718069E
S31508000F2095D58021284602F057FF284603F0CAF8CF
S31508000F3040F20D23DAE75906F1D54021284602F09A
S31508000F404BFF94F87E30012B28D1284603F098F8F9
S31508000F50284646F0010102F07BFF0823D6E75A0629
S31508000F60DDD54021284602F037FFD6E7636F4B45AB
S31508000F7008D25A1C626718F80310284602F068FF60
S31508000F800B23C3E794F87E30022B31D10723BDE744
S31508000F90580605D54021284602F01EFF0A23B5E764
S31508000FA019067FF554AF8021284602F015FF28461A
S31508000FB003F088F840F20D3398E79A067FF547AFB5
S31508000FC02021284602F008FFA36F0C9A934208D204
S31508000FD05A1C2846A267019302F056FF019B0AF89D
S31508000FE00300A36F0C9A2846934206D1FFF7D2FE58
S31508000FF0284603F067F80D2388E7FFF7EBFE26E798
S31508001000DB057FF524AF4FF480712846009202F085
S31508001010E3FE94F87D30022B0CD0032B0CD0012371
S31508001020009A84F87D3021E74FF400630122A4F882
S315080010307C301BE72D2219E7062217E7FFFF1F0062
S3150800104073B5054600284FD003681C68B4F1B64F3F
S3150800105008D0284A24F48041914203D002F5004280
S31508001060944243D1187901A907F07CF8064600286E
S315080010703ED1204602F0AAFF20461F4902F0ACFEE8
S3150800108020461D4902F08AFE2046297902F0D6FF3D
S315080010902B794BB96A791949194B20469B5C51F84B
S315080010A02220019902F00EFF204602F019FEB4F143
S315080010B0B64F13D00F4B9C4212D003F580439C4287
S315080010C010D003F580439C4214BF4FF0FF3403242D
S315080010D00C4B43F82450304602B070BD0024F7E7A5
S315080010E00124F5E70224F3E72226F4E70F26F2E7C0
S315080010F00126F0E700000B50FFFF1F00BC84000824
S31508001100B7840008081100202DE9F8430C46054667
S31508001110002800F09080002900F08D800B681B687D
S31508001120B3F1B64F1ED0474A93421DD002F580420E
S3150800113093421BD002F5804293427ED1032623793F
S31508001140012B7CD86379022B79D807F005F83E4B3A
S31508001150074653F826305BB106F0F9FF12242046FD
S31508001160BDE8F8830026EAE70126E8E70226E6E76F
S31508001170A04658F8063B986806F0F9FF334806F08B
S31508001180F6FF01220A21404602F042FD01220A2109
S3150800119004F1080002F03CFD237983B94FF00A09EF
S315080011A0404602F0FFFC642004F020F8404606F0B2
S315080011B0BBFC642004F01AF8B9F10109F0D1032345
S315080011C0234A02EB0611C1F82835E079A37953368C
S315080011D043EA0043C1F82C35617A237A360143EA9B
S315080011E00143935123682B6023792B7163796B71C3
S315080011F0E3882B8123896B8100F0CEFC002105F161
S315080012000C0000F051FC014620B1384606F09FFF5D
S315080012101924A4E705F1100000F046FC044618B1AD
S31508001220E86800F093FCF0E72846FFF709FF384620
S3150800123006F08DFF93E7222491E70F248FE72124F8
S315080012408DE700BF00000B5008110020588D0008DC
S3150800125000C00350F8B5036804461D68284602F026
S31508001260D9FD4706064633D54021284602F0B4FD87
S3150800127094F87C30042B13D0082B25D0032B0CD1E3
S31508001280E3887E2B0AD8002384F87D3094F87E30D4
S31508001290012B02D00B2384F87C30F8BD0423FAE72F
S315080012A094F87E30012B03D00B23A4F87C30F4E7A6
S315080012B0284602F0E5FE94F87F10284641F0010121
S315080012C002F0C6FD0823E6E7002384F87D30E4E74C
S315080012D0300713D52846082102F07EFD0821284646
S315080012E002F05CFD284602F0CBFE94F87F102846F3
S315080012F0BDE8F84041F0010102F0AABD16F08007EA
S315080013001BD08021284602F067FD94F87C30082B14
S3150800131003D006D8033B012B05D80A2384F87D3071
S3150800132001E00B2B07D00E2384F87C302846BDE855
S31508001330F84002F0C7BE0323F0E7F10511D52846A9
S31508001340144902F049FD2846124902F027FD2046B5
S3150800135005F037FDAF6094F87D30002B9DD1012351
S31508001360B3E716F4C06F98D028460A4902F034FD50
S315080013702846084902F012FD204605F022FD2023E2
S31508001380B205EB6001D504239FE7730585D50523D0
S315080013909BE700BFFFFF1F00F8B5036805461C68FA
S315080013A0204602F037FD10F00407064630D02046E6
S315080013B0FFF710FD20464A4902F00EFD204649492E
S315080013C002F0CEFC95F87C30052B02D0092B17D0FD
S315080013D0F8BDEB887E2B0BD8002385F87D3095F871
S315080013E07E30012BF4D1042304F58054A360EFE783
S315080013F02021204602F0B4FC062385F87C30E7E776
S315080014000421204602F0CAFC002385F87D30DFE778
S31508001410B0062ED52021204602F0DEFC20212046EB
S3150800142002F0BCFC95F87C30062B1AD1EB8895F8AF
S3150800143080205B00DBB2934220460ED1FFF7CAFC40
S3150800144095F87E30012B06D1042304F58054A36059
S3150800145085F87D70BCE70923CFE7FFF79BFC0A23D5
S31508001460D3E7204605F0D8FD2046BDE8F840FFF74B
S3150800147091BC16F0800705D02046BDE8F8408021CB
S3150800148002F08CBCF10311D52046174902F086FC00
S315080014902046154902F0A0FC284605F092FCA760F4
S315080014A095F87D30002B93D10123AEE716F4C06F73
S315080014B08ED020460C4902F071FC20460A4902F0FB
S315080014C08BFC284605F07DFC2023B205E36001D598
S315080014D004239AE773057FF57BAF052395E700BFDD
S315080014E02400010080000100FFFF1F0010B5154B06
S315080014F053F820402379204673B9FFF7ABFE94F8DA
S315080015007D1001290BD1D4F88430CBB12046D4F80C
S315080015108C10BDE810401847FFF73EFFEFE779B19A
S3150800152094F87C300E2B0BD10F2384F87C30D4F83A
S3150800153088302BB12046D4F88C20BDE810401847D7
S3150800154010BD00BF081100202DE9F74F0D46904643
S3150800155099460446002800F0D480002A00F0D1807D
S315080015600C9B002B00F0CD800679002E40F0CC8035
S31508001570B9F1000F00F0CB800D9B002B00F0C7805F
S315080015807F2900F2C48006F0E7FDE5800090C4E9F3
S315080015901D66204684F87E60FFF7C2FB2368E7884D
S315080015A01D6802237F0084F87C30FBB2019305F0A6
S315080015B001FC83460E9BA3B105F0FCFB0E9BA0EB3A
S315080015C00B0083420DD82023EB600B234FF0070A4C
S315080015D084F87D30009806F0BAFD504603B0BDE8A1
S315080015E0F08F284602F016FC10F4C06A074616D09B
S315080015F02846484902F0F0FB2023EB600023BA0591
S3150800160084F87C304BBF042305234FF0310A4FF092
S315080016102F0A4CBF84F87D3084F87D30DAE794F8D9
S315080016207C1002390B295FD8DFE801F006115E5EEF
S315080016305E5E5E5E253E5E4C284602F021FD28462B
S31508001640019902F005FC0323A4F87C30B2E77B0677
S3150800165005D54021284602F0BFFB0A2316E03806C6
S31508001660A8D58021284602F0B7FB284602F02AFDB5
S3150800167040F20D23E8E7636F4B450AD25A1C6267AE
S3150800168018F80310284602F0E3FB0B2384F87C3095
S3150800169090E726B9DDE90C89666701268AE72846B8
S315080016A002F010FD0D23F1E77906D2D43A0681D56A
S315080016B08021284602F090FB284602F003FD40F2FE
S315080016C00D33C1E7FB057FF575AF4FF480712846EA
S315080016D002F082FB94F87D20022A0CD0032A0DD052
S315080016E0012284F87D2075E74FF400634FF0010A64
S315080016F0A4F87C306EE74FF02D0A6BE74FF0060A28
S3150800170068E74FF0220A68E74FF0240A65E74FF0CA
S31508001710210A62E7FFFF1F001FB5044618B95421C6
S31508001720324805F0D9FA2368B3F1B64F30D0304ABB
S3150800173093422FD002F5804293422DD002F5804283
S3150800174093422BD05821294805F0C6FA4FF0FF33AB
S315080017509022284802FB03002368B3F1B64F1FD036
S31508001760234A93423BD002F58042934239D002F590
S315080017708042934237D040F201111C4805F0ACFA7A
S31508001780002363210193194805F0A6FA04B010BD99
S315080017900023DDE70123DBE70223D9E70323D7E7A5
S315080017A0154B01930023E26814498DF808308A42E4
S315080017B004D9134B9A428CBF022301238DF80930B2
S315080017C0A38801A9ADF80A30E388ADF80C30FFF715
S315080017D09BFC1228DAD00028D8D07621D3E7094B0B
S315080017E0DFE7094BDDE7094BDBE700BFC8840008E4
S315080017F000000B5018110020A48D0008A0860100D7
S31508001800801A0600908D00087C8D0008688D0008F7
S3150800181030B50A4685B000B119B96FF0030005B0B6
S3150800182030BDB0F1B64F2BD03D4B98422AD003F5C8
S315080018308043984228D003F580439842EDD103238C
S3150800184090214B4337495818CB58002BE5D053887D
S315080018501188013B4908072BDFD801A454F823F067
S315080018608D180008B31800081B180008C7180008C8
S315080018701B1800081B1800081B180008E7180008A2
S315080018800023DDE70123DBE70223D9E71389002BD1
S31508001890C3D0254CC9B20094526805F0B3FA2D2876
S315080018A038D030D8062835D0072836D00028B6D004
S315080018B0B3E71389002BB0D01B4CC9B20094526809
S315080018C005F0D0FAEBE71389002BA6D0148A002C72
S315080018D0A3D0154DC9B2CDE90145D4680094526824
S315080018E005F0F4FADBE71389002B96D0148A002C4E
S315080018F093D00D4DC9B2CDE90145D468009452681C
S31508001900FFF722FECBE72F2807D0312885D16FF0C5
S31508001910020084E74FF0FF3081E76FF001007EE7B1
S3150800192000000B5018110020E09304002DE9F04F39
S315080019309A46564B85B01B7806460F461546DDF87F
S315080019403C909DF844B0DDF85080002B00F097805D
S31508001950072A00F296800E9B002B00F09280B9F1C0
S31508001960000F00F08E80129BB3F5006F00F389809C
S31508001970012803D1109B002B00F08380444B03EB16
S3150800198005131B7B002B7ED0424C10220021684693
S3150800199005F0C0FE04EB45141022A7BB39462046C5
S315080019A005F0B8FE43F210036380BBF1000F03D1C4
S315080019B0E37843F00303E370364A0E9B02EB451CBB
S315080019C0CCE90193129B6901581E9DF84C30C0F36F
S315080019D00A0003F003039B0643EA001E53582E48E9
S315080019E0012E00EA03004EEA0003CDF800A053508A
S315080019F017D0B8F1000F2ED19CF8023068F3041303
S31508001A008CF8023027E00021204605F083FE4FF4CB
S31508001A1044736380BBF1000FCED1E37843F0300303
S31508001A20C9E713230CF1100ECCF80C309CE80F0014
S31508001A308EE80F006FF00301DCF81C20109B61F3A1
S31508001A409F02012FCCF81C20CCF8143003D1CCF817
S31508001A501890CCF8043000270D4A290102EB05132B
S31508001A6042F80180159A28465A60694622469F60C0
S31508001A705E7301F035FE384605B0BDE8F08F0748BD
S31508001A80FAE70748F8E70748F6E700BF0D1700200A
S31508001A9058140020581300200F80FFF3028000F02E
S31508001AA0018000F0078000F038B5124B05461B7818
S31508001AB0DBB1E0B106F050FB0F4A00231146147B58
S31508001AC054B92B6001251A0101EB03131D738C50C1
S31508001AD006F03DFB204638BD0133082B02F1100203
S31508001AE0EDD106F034FB0548F5E70548F3E7054868
S31508001AF0F1E700BF0D17002058140020048000F0FD
S31508001B00028000F0018000F038B506F025FB0023BE
S31508001B1005460B4A147B6CB90133082B02F11002F7
S31508001B20F8D101F05FFD074B28461C7006F00FFB45
S31508001B30204603E0284606F00AFB034838BD00BFE6
S31508001B40581400200D170020058000F00D4B10B525
S31508001B501B78044693B1072812D806F0FDFA0A4BFB
S31508001B6003EB04131A7B2AB100241C7306F0EFFA60
S31508001B70204610BD06F0EBFA0448FAE70448F8E7F1
S31508001B800448F6E70D17002058140020068000F0D8
S31508001B90028000F0018000F0154B13B51868002389
S31508001BA001908DF8043006F0D7FA124B1C7824B150
S31508001BB006F0CDFA104802B010BD01221A7006F0E0
S31508001BC0C6FA0E4B01A81C731C7783F82C4083F8C1
S31508001BD03C4083F84C4083F85C4083F86C4083F8BB
S31508001BE07C4008238DF8073001F032FD2046E2E7F5
S31508001BF0508500080D170020038000F058140020B7
S31508001C00F8B50D4D2D7885B1072810DC0B4D06016A
S31508001C1005EB0014277B67B1AB510025069BA56031
S31508001C20636001F05DFD2846F8BD0548FCE70548F8
S31508001C30FAE70548F8E700BF0D17002058140020FA
S31508001C40028000F0018000F0078000F00A4A08B51B
S31508001C5012785AB107280BD8084A02EB00131B7BE7
S31508001C6043B1002101F0D4FC002008BD0448FCE77C
S31508001C700448FAE70448F8E70D170020581400202E
S31508001C80028000F0018000F0078000F00A4A08B5DB
S31508001C9012785AB107280BD8084A02EB00131B7BA7
S31508001CA043B1012101F0B4FC002008BD0448FCE75B
S31508001CB00448FAE70448F8E70D17002058140020EE
S31508001CC0028000F0018000F0078000F0184B2DE933
S31508001CD0F0411F6D5B6D1F4000D5FEE7012600250C
S31508001CE0144CDFF85880374218D02368C8F850607B
S31508001CF0A3B1A168284601316268A1609847637B51
S31508001D00012B0BD150B90C4B03EB45131A7B60F32F
S31508001D1041021A731A7F60F341021A770135082DBA
S31508001D204FEA460604F11004DDD1BDE8F08100BF94
S31508001D3000000450581400205813002000200450B6
S31508001D40044BD3F88420D206FBD4D3F88400C0F31E
S31508001D50811070470040005038B5104B0546D3F83F
S31508001D6000310C4603F00303022B0BD0032B0DD0D6
S31508001D70012B0FD105F0EAFD032305B1286004B154
S31508001D80236038BD05F040FE0923F6E705F0E4FDBB
S31508001D900823F2E701230020EFE700BF0080005088
S31508001DA038B5104B0546D3F840310C4603F003030B
S31508001DB0022B0BD0032B0DD0012B0FD106F0B8F94F
S31508001DC00A2305B1286004B1236038BD05F01CFE5E
S31508001DD00923F6E706F0AFF90C23F2E70123002002
S31508001DE0EFE700BF0080005038B5104B0546D3F822
S31508001DF060310C4603F00303022B0BD0032B0DD0E6
S31508001E00012B0FD106F094F90A2305B1286004B115
S31508001E10236038BD05F0F8FD0923F6E706F08BF9CF
S31508001E200C23F2E701230020EFE700BF00800050F3
S31508001E3038B5104B0546D3F840320C4603F0030379
S31508001E40022B0BD0032B0DD0012B0FD106F070F906
S31508001E500A2305B1286004B1236038BD05F0D4FD16
S31508001E600923F6E706F067F90C23F2E701230020B9
S31508001E70EFE700BF0080005038B5124B0546D3F88F
S31508001E8080300C4603F00303022B0BD0032B0DD036
S31508001E90012B0FD105F020FD0E2305B1286004B1F2
S31508001EA0236038BD05F05CFD0723F6E705F00EFD57
S31508001EB00623F2E7044841F22E2104F00DFF002321
S31508001EC01846EAE7008000505485000838B51A4BD2
S31508001ED00546D3F820010C4600F00700062821D84D
S31508001EE0DFE800F028040C1410181C0005F0EEFCBE
S31508001EF0052305B1286004B1236038BD05F026FD29
S31508001F000323F6E705F02CFD0723F2E705F01AFD93
S31508001F100223EEE705F0DAFC0623EAE705F016FDEC
S31508001F200423E6E7054841F2AB2104F0D5FE002379
S31508001F301846DEE70123DCE70080005054850008D8
S31508001F4038B5194B0546D3F828310C4603F0070374
S31508001F50013B052B20D8DFE803F003131B0F0B17F3
S31508001F6005F0B4FC052305B1286004B1236038BD2B
S31508001F7005F0ACFC0623F6E705F0F2FC0723F2E7CA
S31508001F8005F0E4FC0323EEE705F0E0FC0423EAE7AA
S31508001F9005F0D8FC0223E6E7044841F2A50104F05F
S31508001FA09BFE00231846DEE7008000505485000893
S31508001FB0002337B50193194B0546D3F820320C4652
S31508001FC003F00703042B1FD8DFE803F025030F14DB
S31508001FD01900002101A8FFF7B3FF12230DB1019ADA
S31508001FE02A6004B1236003B030BD05F0B9FC0723AD
S31508001FF00190F3E706F09CF80A230190EEE705F056
S3150800200003FD09230190E9E741F26201044804F05F
S3150800201063FE0023E2E70123E0E700BF00800050EB
S3150800202054850008F7B50027144B0197D3F880416B
S31508002030064604F00304022C0D4614D0032C0DD0DA
S31508002040012C14D1394601A8FFF740FF10240EB120
S31508002050019B336005B12C6003B0F0BD05F080FC30
S3150800206007240190F3E705F06DFC0190EFE741F2D4
S315080020700E41034804F030FE3C46E8E70080005075
S315080020805485000838B5164B0546D3F800020C46A9
S3150800209000F00700042819D8DFE800F020030B0F2A
S315080020A0130006F045F80A2305B1286004B1236039
S315080020B038BD05F0A9FC0923F6E706F03CF80C2321
S315080020C0F2E705F029FC0F23800AEDE7054841F2FF
S315080020D0CC4104F001FE00231846E5E70123E3E7B7
S315080020E0008000505485000838B5164B0546D3F8CD
S315080020F008020C4600F00700042819D8DFE800F0AB
S3150800210020030B0F130006F013F80A2305B1286005
S3150800211004B1236038BD05F077FC0923F6E706F01D
S315080021200AF80C23F2E705F0F7FB0F23800AEDE720
S31508002130054841F2045104F0CFFD00231846E5E7AF
S315080021400123E3E7008000505485000838B5124B98
S315080021500546D3F850320C4603F00303022B0FD082
S31508002160032B05D0012B0FD105F0E2FF0A2302E06D
S3150800217005F0E1FF0C2305B1286004B1236038BDE2
S3150800218005F042FC0923F6E7044841F2D50104F0BC
S31508002190A3FD00231846EEE700800050548500088A
S315080021A0002337B50193184B0546D3F860320C4621
S315080021B003F00703013B032B1FD8DFE803F0020EE9
S315080021C01914002101A8FFF781FE10230DB1019A09
S315080021D02A6004B1236003B030BD002101A8FFF7CF
S315080021E0DFFD1123F2E705F0BBFB07230190EDE7BE
S315080021F005F0A8FB02230190E8E741F2091103481C
S3150800220004F06AFD0023E1E70080005054850008C9
S31508002210002337B50193184B0546D3F894320C467C
S3150800222003F00703013B032B1FD8DFE803F0020E78
S315080022301914002101A8FFF749FE10230DB1019AD0
S315080022402A6004B1236003B030BD002101A8FFF75E
S31508002250A7FD1123F2E705F083FB07230190EDE7BD
S3150800226005F070FB02230190E8E741F23C110348B0
S3150800227004F032FD0023E1E7008000505485000891
S3150800228073B500240F4B0194D3F87032064603F059
S315080022900303012B0D4607D0022B11D041F267111B
S315080022A0094804F019FD04E0214601A8FFF778FD66
S315080022B011240EB1019B336005B12C6002B070BDCC
S315080022C01524F6E7008000505485000808B5334BFE
S315080022D098424FD027D8324B984245D017D8314B21
S315080022E098423ED00AD838B12F4B984239D041F29D
S315080022F0E3312E4804F0F0FC002034E02C4B9842E1
S315080023002FD02C4B9842F2D12B4B586E2BE02B4BEF
S3150800231098422CD003F5371303F5D8639842E6D1D3
S31508002320254B986F1FE0264B98422FD00CD8254B8B
S31508002330984223D0244B984224D0244B9842D6D195
S315080023401D4BD3F884000EE0214B984222D003F5AA
S31508002350740303F510539842C9D1174BD3F8980064
S3150800236001E0154B986D08BD134B186FFBE7124B30
S31508002370586FF8E7104BD3F88000F4E70E4BD3F804
S315080023808800F0E70C4BD3F88C00ECE70A4BD3F83F
S315080023909000E8E7084BD3F89400E4E780BA8C018C
S315080023A0405DC60080841E0040420F005485000828
S315080023B000093D00C0CF6A000080E00F0024F40049
S315080023C0007E560380D54302006CDC020048E80113
S315080023D00090D003B0F5207F10B52ED009D8B0F5FF
S315080023E0007F24D003D868B1B0F5C07F0AD0002496
S315080023F01BE0B0F5607FFAD1124BD3F88040C4F3E6
S31508002400011412E00F4B1C6F230B13F00E0FC4F3CD
S3150800241003340AD0072C08D00F2C06D0032C04D07E
S3150800242040F28B21084804F057FC601C10BD054B90
S31508002430D3F89040C4F30464F7E7024B1C6FC4F367
S315080024408024F2E700800050548500084FF480325B
S3150800245038B5104B04469A6600200D46FFF7BAFFBA
S3150800246041F671320C4B6043DC69DA635A6804F44E
S31508002470803422F440125DB90849884294BF00208E
S315080024800120000502435A600CB10022DA6338BD08
S315080024900349F2E70090005000000350005A620218
S315080024A0002D3101420938B504460D4606D140F2E1
S315080024B03B310D4804F010FC002305E0531E022BA7
S315080024C00BD80A4B03EB820304F01F0445B103F54E
S315080024D080530122A2401A6038BD40F24931E8E72C
S315080024E003F50053F5E700BF5485000860800050E7
S315080024F0002130B5B0F5807F85B00446CDE90011DE
S3150800250000F009816BD8002800F0D980A0F12004DA
S31508002510602C74D8602C72D8DFE814F0D100DE0085
S31508002520D100DE00EE00EE00EE00EE00EE00DE006A
S31508002530F8007D000E019D007D00DE00DE00DE0055
S3150800254071007100710071007100710071007100F5
S31508002550DE00DE00DE00AF001801DE00710071004B
S3150800256071007100710071007100710071007100D5
S31508002570710071001D01EE00D100D100D1001301D8
S315080025807D007D00BB0022019200F30071007100FE
S31508002590710071007100C600D1007100EE00EE00F6
S315080025A0EE00EE00EE00F300F300DE007100DE0040
S315080025B0DE00710071007100710071007100710018
S315080025C07100710071007100710071007100710075
S315080025D0710071007100710071007100CB00B0F5D7
S315080025E0E06F00F0B3803BD8B0F5607F7FD01DD890
S315080025F0B0F5007F66D008D8B0F5C07F5FD040F24E
S31508002600AA415C4804F068FB56E0B0F5207F63D029
S31508002610B0F5407FF3D105F07FF904464FF42070FA
S31508002620FFF7D8FEB4FBF0F464085EE0B0F5B06FCF
S315080026306CD00AD8B0F5806F5ED0B0F5A06FDED149
S3150800264000216846FFF7B4FC36E0B0F5C06F73D0DA
S31508002650B0F5D06FD3D100216846FFF713FD2BE004
S31508002660B0F5186F77D00DD8B0F5086F7DD0B0F5F6
S31508002670106F66D0B0F5F06FC1D100216846FFF73C
S31508002680B3FB19E0B0F5286F6AD007D8B0F5206F0C
S31508002690B5D100216846FFF783FD0DE0B0F5406F20
S315080026A02FD0B0F5486FAAD100216846FFF7B0FDD4
S315080026B002E005F011F90090009805B030BD05F06C
S315080026C02BF9F8E705F008F905462046FFF782FEDC
S315080026D0B5FBF0F50095EFE705F01EF904464FF453
S315080026E02070FFF777FEB4FBF0F40094E4E701A846
S315080026F0FFF7C2FB019DE8E700216846FFF7E6FB06
S31508002700DAE700216846FFF71BFCD5E70021684693
S31508002710FFF788FCD0E74FF0E02302911B695B07BF
S3150800272005D505F0F9F80290029B0093C4E703A9C2
S3150800273002A8FFF735FBF7E700216846FFF730FBED
S31508002740BAE700216846FFF7CFFCB5E700216846DF
S31508002750FFF76EFBB0E700216846FFF7F7FCABE72B
S3150800276000216846FFF78CFDA6E76846FFF7F4FAEE
S31508002770A2E700BF5485000808B58020FFF7B8FE19
S31508002780034B98429EBF4FF48032024B1A6708BD2E
S31508002790005A620200A000501FB503460020B3F598
S315080027A0807F019000F0FB8000F28B80662B7BD83F
S315080027B03C2B05D8243B092B5CD940F28F51DDE030
S315080027C03D3B292BF9D801A252F823F0C12900086C
S315080027D0EF290008BB270008BB270008BB2700080D
S315080027E0BB270008BB270008BB270008BB27000833
S315080027F0BB270008BB270008BB270008BB27000823
S31508002800BB270008BB270008F929000895290008F6
S31508002810BB270008BB270008BB2700082B29000890
S31508002820BB270008BB27000845290008032A00081B
S31508002830ED280008E5290008BB270008BB27000883
S31508002840BB270008BB270008BB2700085D2900082E
S31508002850BB270008BB27000895290008952900080A
S31508002860952900089529000895290008E5290008F2
S31508002870E5290008092BA0D801A252F823F000BFC9
S315080028809529000895290008952900089529000822
S3150800289095290008BB27000885290008BB270008DA
S315080028A00B290008CB290008802B86D1574B1B6FB4
S315080028B003F00703013B032B5ED8DFE803F05B5404
S315080028C05759B3F5F06F7BD024D8B3F5B06F59D00C
S315080028D011D8B3F5607F00F08180FFF46EAFB3F5D1
S315080028E0806F57D0B3F5A06F7FF467AF002001A9BA
S315080028F0FFF75EFB4AE0B3F5D06F66D0B3F5E06F3D
S3150800290075D0B3F5C06F7FF458AF002001A9FFF763
S3150800291047FA3BE0B3F5186F6ED00BD8B3F5086FDE
S3150800292058D0B3F5106F7FF448AF002001A9FFF720
S31508002930DBFB2BE0B3F5286F63D008D8B3F5206F1F
S315080029407FF43BAF002001A9FFF72AFC1EE0B3F590
S31508002950406F47D0B3F5486F7FF42FAF002001A929
S31508002960FFF756FC12E0052301930FE00323FBE76C
S315080029700823F9E70223F7E740F2DC41244804F08C
S31508002980ABF903E0002001A9FFF74CFB019805B05D
S315080029905DF804FB002001A9FFF798FAF6E74FF067
S315080029A0E02302901B695B0705D504F0B5FF0D23EC
S315080029B00393039BD8E703A902A8FFF7F1F9F8E701
S315080029C0002001A9FFF710FAE0E7002001A9FFF7A8
S315080029D059FBDBE701A9FFF7BFF9D7E701A9FFF71D
S315080029E04BFAD3E7002001A9FFF7AAFACEE70020A1
S315080029F001A9FFF71DFAC9E7002001A9FFF7A6FB01
S31508002A00C4E7002001A9FFF73BFCBFE700800050A0
S31508002A10548500084FF48032074B0849586E03F571
S31508002A2080535A664B6A23F001034B62C3035CBFAB
S31508002A30034B5A66704700BF0080005000000850DC
S31508002A4000A0005038B5036804460F2B04D940F699
S31508002A5094317C4804F040F963680F2B04D940F69A
S31508002A609731784804F038F9A3680F2B04D940F653
S31508002A709A31744804F030F9237B0F2B04D940F6B9
S31508002A809D31704804F028F9637B0F2B04D94FF465
S31508002A903A616C4804F020F9A37B3F2B04D940F631
S31508002AA0A331684804F018F9E37B3F2B04D940F6B4
S31508002AB0A631644804F010F92369032B04D940F6BB
S31508002AC0A931604804F008F96369032B04D940F674
S31508002AD0AC315C4804F000F9E369032B04D940F6ED
S31508002AE0AF31584804F0F8F88020FFF755FE032860
S31508002AF000F083804FF48012534B4FF0A0615A6662
S31508002B0045F60E02514BC3F88020514A91624FF4A4
S31508002B10803102F5805291629A6DD203FCD4996D88
S31508002B2011F08041FBD1D4E90002120542EA0062A5
S31508002B30E07B0243207B42EA0042607B42EA0032A5
S31508002B40A07B42EA80121A619869D4E904521206F7
S31508002B5042EA856200F000400243A07EE57E024319
S31508002B60207E42EA0042607E42EA00229A611A6AA0
S31508002B70E06922F00F0242EA8502364D00283DD16F
S31508002B801A6294F82420996A94F82000D200294001
S31508002B9042EA40120A4394F8211042EA011242F42A
S31508002BA080329A622C49294A936D31EA0303FBD194
S31508002BB04FF08071264881621369A56823F4700373
S31508002BC043EA055313614FF00043836194F82230BA
S31508002BD00BB9224B996294F823303BB94FF48032F3
S31508002BE01E4B9A62194A936D5B00FCD494F8253003
S31508002BF01BB1164B1A4AC3F8802038BD024342F06F
S31508002C00080202281A6208D119614FF4085299611C
S31508002C1014484FF47F4104F0B8F90C4994F822306F
S31508002C208A6A94F820001B062A4043EA4013134395
S31508002C3094F8242043EAC20394F8232043EA024383
S31508002C408B62D3E754850008009000500040005A74
S31508002C500050005AC7FFFEFE030001000060005A3C
S31508002C60F1A7FFFF3440005A014B93F90000704763
S31508002C70EC170020436810B5072B044604D940F624
S31508002C80F2512A4804F028F8A368032B04D940F621
S31508002C90F451264804F020F82378032B04D940F68B
S31508002CA0F651224804F018F894F90130002B04DA9A
S31508002CB040F6F8511D4804F00FF84FF400011C4A7D
S31508002CC0637851664FF4D151022002F5B832516249
S31508002CD018494F2B48604FF0010028BF4F2301F5D4
S31508002CE0805148601169C903FCD4217843EA01235D
S31508002CF05361D4E901131B0143EA0123617B0B43AA
S31508002D00217B43EA41039360E37BA17B1B0143EAF2
S31508002D104113617C0B43217C43EA41035360A37C46
S31508002D2013B16FF4D153536210BD00BF5485000828
S31508002D300090005000100250014B1880704700BFE9
S31508002D40EA170020014B1880704700BFE8170020DB
S31508002D504FF4800208B5184B5A660223174A536087
S31508002D60936813F48033FBD1012822D104F0EEFDD9
S31508002D70134B984215D003F5122303F5F8639842CE
S31508002D8013D0104B00EB8002400AB3FBF0F3520A53
S31508002D900A49CA620B6301234B620022074B5A6039
S31508002DA008BD45F67A13084AF2E745F61A03074AB4
S31508002DB0EEE75362F1E700BF009000500040025072
S31508002DC000F0490264666666D8B80500BBCF050000
S31508002DD0B0F5207F38B577D00ED8B0F5007F61D032
S31508002DE003D890B3B0F5C07F2FD040F21E31BDE8AE
S31508002DF038403D4803F070BFB0F5607FF5D13B4AD7
S31508002E004C1ED2F8FC5015F080751EBFD2F8FC3067
S31508002E1023F08073C2F8FC30032C04D94FF43F71B9
S31508002E20314803F059FF324AD2F8803023F0300394
S31508002E3043EA0413C2F8803035B12C4AD2F8FC3084
S31508002E4043F08073C2F8FC3038BD4C1E012C0AD9F9
S31508002E50102903D8274BCB40DB0704D440F2CF21F7
S31508002E60214803F039FF04F09FF804F0ABF84FF45B
S31508002E708031214B1E4A1967136F23F4704343EAC6
S31508002E800433136704F048FD0446FEF759FFC0F102
S31508002E900201204604F090F800F048F8BDE83840F2
S31508002EA0FFF76ABC4C1E1F2C04D940F212310E489B
S31508002EB003F012FF0E4AD2F8903023F0F85343EA93
S31508002EC00463C2F89030BFE74C1E012C04D94FF4B6
S31508002ED04671054803F000FF054A136F23F4806323
S31508002EE043EA84231367AFE75485000800ED00E042
S31508002EF000800050100101000090005008B5012123
S31508002F00022000F0B9F94FF42070FFF763FA054B79
S31508002F10187004F049F804F055F84FF48032024B63
S31508002F201A6708BD0E1700200090005008B54FF428
S31508002F30C070FFF7DDFABDE808400449884294BF2F
S31508002F40012102214FF42070FFF742BF80F0FA02F8
S31508002F5038B5044604F0E0FC0546FEF7F1FEC0F17C
S31508002F600201284604F028F80121002000F0D8F9CB
S31508002F702CB1FFF7DBFFBDE83840FFF7FDBB034B7D
S31508002F804FF420701978FFF723FFF4E70E17002097
S31508002F902DE9F0410546FFF799F9431E0333044628
S31508002FA004D940F6EC113B4803F096FE4FF4C022D4
S31508002FB0394B5A6603F598335A68012A04D13749BA
S31508002FC04A605A689207FCD48020FFF7E5FB05287B
S31508002FD007D103F0E9FF03F0F5FF4FF480322E4BDB
S31508002FE01A672F4B24F040749D4239D02D4B9D42D1
S31508002FF039D004F06BFC8542064603D901212846E0
S3150800300000F08EF9284FFB6813F0060FFBD1D7F8AE
S315080030100880BC60BB68634013F4F81F26D12846B5
S31508003020FDF722FD8020FFF7B7FB052814D104F031
S3150800303073FCA842044604D940F64521154803F016
S315080030404BFEFEF77DFEC0F10201204603F0B4FFF9
S31508003050FFF76CFFFFF790FBAE4213D2BDE8F08195
S3150800306044F00074C5E744F08074C2E740F63421A2
S31508003070084803F031FE8020C7F80880FFF78CFB6C
S31508003080052805D0BDE8F0410121002000F048B927
S315080030903546CCE7548500080090005000E0015002
S315080030A040420F0080841E00000001505C4B70B542
S315080030B0984205467FD035D85A4B5B4E984200F069
S315080030C08D8022D8002800F09880584B984264D00A
S315080030D0574B984250D0574B98423ED041F2F81180
S315080030E0554803F0F9FD40F69271534803F0F4FD94
S315080030F04FF400224C4B5A664E4B9D4200F08D8091
S3150800310000244A4A954253D073E04C4B984269D002
S3150800311003F5371303F5D8639842DFD1484BD3F844
S31508003120B8402CE0474B984250D00CD8464B9842B2
S3150800313048D003F5742303F510739842CED1404B5B
S31508003140D3F8C4403AE0414B984243D0404B9842AA
S31508003150C4D13B4BD3F8D04030E0394BD3F8A0402C
S31508003160621E033224F0407451D84FF4002373666C
S31508003170234643F000743CE0314BD3F8A040621E6E
S31508003180033224F0407431D940F692712A4803F08C
S31508003190A3FD4FF400237366B3E7294BD3F8A04089
S315080031A0621E033224F04074EED84FF4002373668F
S315080031B044F080741DE0224BD3F8BC40621E1A4EC0
S315080031C00332DEE71E4BD3F8C040F7E71C4BD3F8B3
S315080031D0C840F3E71A4BD3F8CC40EFE7184BD3F8BF
S315080031E0A440CCE7164BD3F8B040C8E74FF4002309
S315080031F073664FF0B442946070BD40F692710E4803
S3150800320003F06AFD4FF400232C467366F1E740F697
S315080032109271094803F060FDA7E70023A9E700BFFC
S315080032200024F400404B4C000090005080841E009F
S3150800323000093D0040420F0054850008809698001A
S315080032400080E00F80BA8C01C0EA21010048E8013D
S31508003250005A6202024A536B0342FCD1704700BF10
S3150800326000800950034A0179D36E23F030030B43DB
S31508003270D366704700400050F8B50446244BD3F88F
S315080032808420D006FBD4D3F88430C3F381139C4240
S315080032903CD004F021FB012C05460BD11D4B98426E
S315080032A004D940F29D711C4803F016FD01212846F9
S315080032B003F082FE04F047FF4FF00072174B0746F3
S315080032C05A66204603F083FE4FF48063104E621E52
S315080032D093403367736E9A0103D4D6F884309B06FD
S315080032E00AD5384604F02AFF022C0FD12846BDE835
S315080032F0F840002103F060BED6F884309906E9D577
S3150800330040F2B571044803F0E7FCE3E7F8BD00BFF7
S3150800331000400050005A6202D18500080060005043
S3150800332010B50C4608B904F0D7FA074B21461B78A6
S315080033303BB1064B984204D80120BDE81040FFF780
S315080033409BBF0220F9E700BF0F170020005A620250
S315080033504FF0004238B5244B244C5A664AF6CD3312
S31508003360656C014605F00105236428BB0120FFF7BB
S3150800337071FF6368DB0715D51D4B586008461D4B62
S31508003380226BD2070CD4984208D1072415B1174BE3
S31508003390194A1A6403F01CFE204638BD0130EFE7CF
S315080033A09842F2D00024F1E70132236B13F00803A8
S315080033B005D08A42F8D1E8E700220E49F5E78A42A5
S315080033C0E3D020210A4A91620121A2F58052516078
S315080033D00649084A886A800603D49342D5D0013341
S315080033E0F8E79342DDE700BF0090005000800950DF
S315080033F000A0095040420F003254FFFF4FF0004230
S3150800340038B5164B01465A664AF6CD33144C154A5A
S31508003410656C236443780B205B0043F00103D36398
S31508003420FFF718FF63688A7823F4F87343EA0213F0
S315080034306360CA784B7943EA0223A3600A798B79D9
S3150800344043EA022323610878FFF782FFEB0744BFAC
S31508003450054B236403F0BCFD012038BD00900050E5
S3150800346000800950004000503254FFFF0F2870B505
S31508003470044605D940F69A61124803F02DFC0F243C
S315080034804FF00042104B11495D6E03F580535A66A2
S315080034904AF6CD334E6C80200B64FFF7DBFE0B6AD1
S315080034A023F00F0323430B62F30744BF084B0B6457
S315080034B0002DA2BF4FF00042064B5A6603F088FD66
S315080034C070BD00BFD18500080080005000800950FB
S315080034D03254FFFF00A00050032838B504460D46B5
S315080034E005D8094B33F81030CB40DB0704D440F23B
S315080034F08541064803F0F0FB302301225C43044B68
S31508003500AA401A5138BD00BF588700084E860008E1
S3150800351040D00350032838B504460D4605D8094B54
S3150800352033F81030CB40DB0704D440F25641064846
S3150800353003F0D2FB302301225C43044BAA401A5104
S3150800354038BD00BF588700084E86000840E0035083
S3150800355003282DE9F04104460D461746984605D836
S315080035601D4B33F81030CB40DB0704D44FF4B07151
S315080035701A4803F0B1FB37B129462046B8F1000FC7
S3150800358020D0FFF7A9FF0F21072D04EB440688BFBB
S31508003590A5F108034FEA0616114895BFAB009B0034
S315080035A004360C3607FA03F29940304403F011FD4D
S315080035B07FB929462046B8F1000F06D0BDE8F0418C
S315080035C0FFF78ABFFFF7A6FFDDE7BDE8F041FFF783
S315080035D0A1BFBDE8F08100BF58870008D98600085A
S315080035E030C0035010B5232000F062FF0024FF22EC
S315080035F0064B21465C6520209A625C60FEF752FF06
S315080036002146BDE810402120FEF74CBF00000450BB
S31508003610072838B504460D4603DD7721084803F028
S315080036205BFB1F2C03D99121064803F055FB064A7C
S31508003630064B002D08BF13460122A2401A6038BD6A
S3150800364060870008DE8700084010045040200450B8
S3150800365010B5044618B991211F4803F03DFB23789D
S315080036601B0613F0604F03D092211B4803F034FB6E
S31508003670E3780F2B03D99521174803F02DFB012179
S315080036802020FEF70FFF01212120FEF70BFF012264
S31508003690124B23205A60227812069A606178A27823
S315080036A042EA01429A61FF229A6200229A631A64E8
S315080036B04FF000425A654FF0FF3203F500531A6582
S315080036C000F046FF2320E17800F050FFBDE81040E7
S315080036D0232000F00BBF00BF6087000800000450DD
S315080036E0F8B50126C3B2072805460C46174606FA5A
S315080036F003F603DDDE21344803F0EEFA1CB9DF21B8
S31508003700314803F0E9FA236823F47C1323F00F0306
S315080037101BB1E2212C4803F0DFFAA37A1B0413F449
S315080037207C0F03D0E721284803F0D6FAE37A1B0575
S3150800373013F07E6F03D0E921234803F0CDFA237BEB
S315080037405B0513F0FE5F03D0EB211F4803F0C4FAB4
S315080037501E4B27F003071E65AB00226803F1A04342
S3150800376003F588235A60302202FB05F0637B00F1DB
S31508003770A04000F580200366E37AA27A1B0543EA97
S315080037800243227B43EA4253C365076704F0E4FC1D
S315080037900F4B227A5E6502B11E64627A02B19E639D
S315080037A02279A37943EA0243084A93616179E37966
S315080037B043EA014306498B61064B56639E64BDE89E
S315080037C0F84004F0C4BC00BF60870008002004501D
S315080037D0001004500000045010B50124C3B2072895
S315080037E004FA03F404DD40F27B11074803F074FA87
S315080037F004F0B2FC054B5A6D22EA04025A659C6233
S31508003800BDE8104004F0A3BC60870008000004501F
S3150800381010B50124C3B2072804FA03F404DD40F204
S3150800382099110A4803F058FA04F096FC084BDA6A2C
S31508003830224208D15B6B9C430CBF0124002404F090
S3150800384086FC204610BD0024F9E700BF6087000803
S315080038500000045070B50125C3B20728044605FACE
S3150800386003F504DD4FF4E071094803F035FA04F076
S3150800387073FC3022074B5E6B02FB04335C6E04F06C
S3150800388066FC35420ABFC4F30A100020013070BD39
S3150800389060870008000004500D4B984208D1A3F534
S315080038A0D023C3F85812802300F58050C3657047AB
S315080038B0084B984204D1A3F5D823C3F87412F2E74B
S315080038C0054B984204BFA3F5E023C3F89012EAE734
S315080038D000000A5000400A5000800A50F8B5074612
S315080038E00C461E4615464AB940F25511314803F0B2
S315080038F0F3F924B1402E09D1062328E021B94FF463
S315080039002070FEF7F5FD0446402E42D0402E09D819
S315080039107EB1202E17D04FF4CE71BDE8F840254869
S3150800392003F0DAB9602EF6D1B5EB940F3CD8042330
S315080039300DE0B5EB141F04D940F287111D4803F0BA
S31508003940CBF9102303E0B5EBD40F1CD808235D434D
S315080039506B0803EB4413B3FBF5F3174D203BB5EBAC
S31508003960C30F4FEAC30404D240F2B311114803F05F
S31508003970B3F9602207F500539A602C4007F5805387
S315080039809E60FC61F8BD4FF4C6710A4803F0A4F9BD
S31508003990DCE70623B4FBF3F3AB42ADD240F2911158
S315080039A0044803F099F9A7E74FF4CB71014803F0EF
S315080039B093F9BCE768880008F8FF7F0038B5104B14
S315080039C0044698420D460CD003F58043984208D029
S315080039D003F58043984204D040F2F521094803F0E4
S315080039E07BF9012204F580535A60EB43934003F0B8
S315080039F00A036361656115B904F50054626038BD50
S31508003A0000000A50688800081B4B10B59842044607
S31508003A100CD003F58043984208D003F580439842BA
S31508003A2004D040F26F41154803F056F9012204F517
S31508003A3080535A6040F6AA6341F205026361002387
S31508003A400F49A360E365E26004F500522361E36170
S31508003A50E36491640849A3658C4203D12365002376
S31508003A60636506E007498C42F8D001F580418C422F
S31508003A70F4D00123536010BD00000A50688800087E
S31508003A80FFFF010000400A50424B70B598420446B9
S31508003A900D460CD003F58043984208D003F58043C1
S31508003AA0984204D040F226313B4803F015F92046E7
S31508003AB0FFF7AAFF012304F580567360AB7C1BB1A0
S31508003AC0A36843F08043A360EB7C1BB12046297DA5
S31508003AD0FFF7E2FE2A8A6B7B20461343EA891343E3
S31508003AE0E3602B7BD5E90112FFF7F8FE6B7D1BB16E
S31508003AF0A36843F48033A360AB7D1BB1A36843F48A
S31508003B000043A360EB7D2A7E1B07120502F4E00240
S31508003B1003F0E0431343A3656A7E2049931E012BF5
S31508003B201C4B1BD89C4215D003F580439C4213D0EE
S31508003B3003F580439C420CBF02234FF0FF3302205B
S31508003B40C1335B01C850032A1FD10423F3652B78C0
S31508003B50636170BD0023F2E70123F0E79C4210D0B1
S31508003B600F4B9C420FD003F580439C420CBF0223A7
S31508003B704FF0FF33022003F241135B01C850012ABC
S31508003B80E2E70023F6E70123F4E7042204F50053ED
S31508003B90DA65DCE700000A506888000800C00350B0
S31508003BA000400A5010B5044620B94FF40D7110486C
S31508003BB003F092F82378C3B1013BDBB2022B06D897
S31508003BC00C4A32F813306278D340DB0704D440F24B
S31508003BD03721074803F080F80122637821789A4054
S31508003BE030235943044B5A5010BDFF23EBE700BF5F
S31508003BF0E7880008028A000840E00350034BD3F820
S31508003C002424D3F820041040704700BF00C0035096
S31508003C102DE9F041037804460D46164613B3013BD9
S31508003C20DBB2022B06D82A4A32F813306278D34020
S31508003C30DB0703D45D21274803F04EF8264BD3F85B
S31508003C4010331BB16021234803F046F80F2D0BD81B
S31508003C50DFE805F036313131313131313131313149
S31508003C6031313131FF23E1E7B4211A4803F034F842
S31508003C704FF00008204606B303F056FF0F21677879
S31508003C802378072F03EB430388BF083F4FEA031344
S31508003C90124895BFBF00BF0004330C3308FA07F279
S31508003CA0B940184403F0A9F985B9204656B1BDE8CC
S31508003CB0F04103F039BFA846DCE7FFF773FFDDE7FD
S31508003CC0A846DBE7BDE8F041FFF76CBFBDE8F08129
S31508003CD0028A00087B89000800C0035030C00350E0
S31508003CE0B0F1B64F10B504460ED00A4B98420BD029
S31508003CF003F58043984207D003F58043984203D0E2
S31508003D00FD21054802F0E8FF012304F580546360AD
S31508003D1010BD00BF00000B5024840008B0F1B64F58
S31508003D2010B504460FD00C4B98420CD003F58043CF
S31508003D30984208D003F58043984204D04FF487711F
S31508003D40064802F0C9FF6368DB0742BF012304F592
S31508003D500054636010BD00BF00000B5024840008A7
S31508003D60B0F1B64F38B504460D460FD0094B984208
S31508003D700CD003F58043984208D003F58043984257
S31508003D8004D040F28511044802F0A6FF04F58054D9
S31508003D90256438BD00000B5024840008B0F1B64FE6
S31508003DA038B504460D460FD0094B98420CD003F59A
S31508003DB08043984208D003F58043984204D04FF4D4
S31508003DC0CB71044802F088FF04F50054256438BD19
S31508003DD000000B5024840008B0F1B64F38B50446ED
S31508003DE00D460FD0094B98420CD003F580439842F4
S31508003DF008D003F58043984204D04FF4DC71044898
S31508003E0002F06AFF04F50054E56338BD00000B5064
S31508003E1024840008B0F1B64F10B504460FD00A4BFB
S31508003E2098420CD003F58043984208D003F58043A6
S31508003E30984204D04FF4F271044802F04DFF236C07
S31508003E40E06B184010BD00BF00000B50248400082A
S31508003E50B0F1B64F38B504460D460ED0084B984219
S31508003E600BD003F58043984207D003F58043984268
S31508003E7003D07C21034802F02FFF656338BD00BFDD
S31508003E8000000B50088A0008B0F1B64F10B504467A
S31508003E900ED00A4B98420BD003F58043984207D0C0
S31508003EA003F58043984203D08E21054802F014FF9B
S31508003EB06369DB05FCD5606AC0B210BD00000B5013
S31508003EC0088A0008B0F1B64F2DE9F04106460D46BE
S31508003ED017461C460ED0354B98420BD003F5804347
S31508003EE0984207D003F58043984203D0B921304859
S31508003EF002F0F2FE1FB9BC212D4802F0EDFE1DB9F5
S31508003F00BD212B4802F0E8FE230206F58052936095
S31508003F10B3689A072FD5012C34D0022C34D0002C44
S31508003F2038D0D221224802F0D7FE0023AB4203D371
S31508003F30E7211F4802F0D0FE1E4B1B5D7B439846C7
S31508003F4003D1F2211A4802F0C7FE6C1E4444A4EBC2
S31508003F50C704B4FBF8F4013C1ED5F921144802F055
S31508003F60BBFEFA21124802F0B7FEB368C4F3080490
S31508003F70B461BDE8F081012C08D0022C08D04CB100
S31508003F80E121CFE70C4BD1E70C4BCFE70C4BCDE744
S31508003F900C4BCBE70C4BC9E7B4F5007FE1D2B3680D
S31508003FA09B07E3D5002C08BF0124DFE700000B5070
S31508003FB0088A00088E8A0008404B4C00809FD5006E
S31508003FC040548900002D310180841E00B0F1B64F9F
S31508003FD010B504460FD0164B98420CD003F5804313
S31508003FE0984208D003F58043984204D04FF4927162
S31508003FF0104802F071FEE023E36000232046A36028
S31508004000A361E3612362FFF789FE20460A49FFF7A9
S31508004010C5FE6369DB0509D420462021FFF7DCFECF
S315080040202046BDE810400449FFF7D6BE636AF0E7AC
S3150800403000000B50088A0008FFFF1F00B0F1B64FBA
S3150800404038B504460D460ED00B4B98420BD003F5F7
S315080040508043984207D003F58043984203D06921EC
S31508004060064802F039FE20466D0004F58054FFF735
S31508004070ADFFA56038BD00BF00000B50088A0008D8
S31508004080B0F1B64F10B504460FD00C4B98420CD081
S3150800409003F58043984208D003F58043984204D03C
S315080040A040F24F11064802F017FE6368DB0745BF6A
S315080040B0012300201120E36010BD00BF00000B5053
S315080040C0088A0008B0F1B64F10B504460FD00C4B5D
S315080040D098420CD003F58043984208D003F58043F4
S315080040E0984204D04FF4B371064802F0F5FD6368B0
S315080040F0DB0745BF022300201120E36010BD00BF87
S3150800410000000B50088A0008054B9A689107FCD4F2
S315080041105A689207F9D4DA69002AF6D1704700BFBF
S3150800412000C00A5010B5064C6368DB0703D4A52106
S31508004130044802F0D1FD03F023FD0223236110BDDC
S3150800414000C00A50928A000808B5FFF7DDFF012271
S31508004150024B03F580514A601A6108BD00C00A5037
S31508004160044B10B55C68012C03D1FFF7DBFF024B4B
S315080041705C6010BD00C00A5000E00A5038B5074D13
S31508004180FFF7C2FF6B680446012B03D1FFF7E8FF70
S31508004190FFF7BAFF2378EB6038BD00BF00C00A50AE
S315080041A038B505460C4603F0F5FCBDB962682378B8
S315080041B012B1127843EAC203627843EA4203A2685C
S315080041C012B1127843EA8213E27843EA820322693B
S315080041D012B1127843EA4223014A936438BD00BFFC
S315080041E000C00A5030B591488BB003F0C0FF20B12B
S315080041F040F251318E4802F06FFD6C468D4D0FCD61
S315080042000FC42B688C4A2360FF238DF80130D2F83F
S315080042104C3113F4802340F0FC80D2F850218DF8FD
S3150800422001309DF801306C46FF2B08BF3F236846D6
S31508004230824D8DF80130FEF71DFD3220FEF77CFD1C
S315080042400FCD0FC40FCD0FC495E8030084E8030013
S31508004250794BD3F84C21120300F1CA80D3F85041A8
S31508004260E4B28DF81940FEF7FFFC044484F3080411
S3150800427073488DF81840FCF7FDFB6846FEF7E2FB2D
S315080042803220FEF75FFD6F48FEF782FE6E48FEF7A6
S315080042900DFF6E4803F06BFF20B14FF4EB716448D5
S315080042A002F01AFD6A4C0020FEF752FDFEF726FEC4
S315080042B0236F002023F0070343F003032367FEF769
S315080042C047FE236F634923F474432367624BD3F88D
S315080042D0FC2012F0807200F09180D3F8FC2022F0C6
S315080042E08072C3F8FC20D4F8802022F0030242F042
S315080042F00102C4F880200022C1F88020D3F8FC20EF
S3150800430042F08072C3F8FC20514CD4F8203123F0D7
S31508004310070343F00203C4F82031D4F8283123F008
S31508004320070343F00203C4F82831D4F8803123F098
S31508004330030343F00103C4F88031D4F8403123F075
S31508004340030343F00203C4F84031D4F8603123F084
S31508004350030343F00203C4F86031D4F8403223F073
S31508004360030343F00203C4F84032D4F8003223F0C2
S31508004370070343F00203C4F80032D4F8083223F0E6
S31508004380070343F00203C4F80832D4F8503223F086
S31508004390030343F00203C4F85032D4F8703223F012
S315080043A0030343F00103C4F87032D4F8203223F033
S315080043B0070343F00103C4F82032FEF72BFB4FF046
S315080043C0E0220020136943F004031361D4F8603235
S315080043D023F0070343F00103C4F86032D4F894329B
S315080043E023F0070343F00103C4F894320BB030BD41
S315080043F01A4B1C88FF2C88BF8C2432E7D4F88030EF
S3150800440023F0030343F00103C4F88030C1F8802089
S315080044107AE74FF07E6393F89C2093F99C30002B43
S31508004420FFF6FFAE8DF80120FBE600BF408D0008C1
S31508004430598C0008FC8C00080080E00F108D0008DD
S31508004440C017530200B4C404C0EA2101448D000811
S31508004450008000500090005000ED00E00001E00FE1
S3150800446007B5094B18689A889B7900906846ADF895
S3150800447004208DF80630FEF7C1FF0C20FEF7F6FF84
S31508004480002003B05DF804FB388D000813B500243E
S31508004490064A6846536F43F00103536700948DF844
S315080044A00440FEF7DFFE204602B010BD0040005073
S315080044B05D2810B504460DD801220A49630904F09F
S315080044C01F04A240203341F82320BFF34F8FBFF3C8
S315080044D06F8F10BD4FF49571034802F0FDFB002C59
S315080044E0F7DBE9E700E100E0D88D00085D2810B5A4
S315080044F0044608D801236109074A04F01F04A340AB
S3150800450042F8213010BD40F23511044802F0E4FBB0
S31508004510002CF7DBEEE700BF00E100E0D88D0008CD
S315080045205C2810B5044604D94FF4A071064802F079
S31508004530D3FB064B621153F8220004F01F04E04037
S31508004540C04300F0010010BDD88D000800E100E06E
S31508004550002808DB01224309034900F01F008240B6
S31508004560603341F82320704700E100E038B500F1D8
S3150800457010036D2B04460D4604D940F2E5110E488A
S3150800458002F0AAFB0F2D04D94FF4F3710A4802F082
S31508004590A3FB60B20028ACBF00F16040074B4FEAAE
S315080045A00515EDB2ABBF00F5614000F00F0080F8CD
S315080045B000531D5438BD00BFD88D000814ED00E027
S315080045C010B503F0C9FD0A4B1A786AB901226FF0D3
S315080045D004041A7003F0BBFD204605210134FFF7D9
S315080045E0C5FF5D2CF8D110BDBDE8104003F0AFBD86
S315080045F01017002010B5044603F0AEFD024B1C60F0
S3150800460003F0A5FD002010BDD814002010B503F056
S31508004610A3FD034B1C6803F09AFD204610BD00BF9E
S31508004620D814002010B50020144602F00BFD02280D
S3150800463004D018B1C321024802F04EFB204610BD33
S315080046407F8E00083021037D02464B4303F1A043C9
S3150800465003F58023D86E07491B6F884208D113F0EB
S31508004660020006D0106A136D1B1A5842584170474B
S315080046700020704711170020302337B5007D0DF153
S315080046800701434303F1A04303F58023DD6E1C6F46
S3150800469003F006FA20B140F2F731084802F01CFB95
S315080046A09DF8070040B9064B9D4203D184F00204E9
S315080046B0C4F3400003B030BD0120FBE71B8F0008A0
S315080046C01117002038B50446FFF7D6FF98B1256DB7
S315080046D0D4E9122313449D4201D8AA4204D940F2D0
S315080046E04641094802F0F8FAD4E9120303449D4208
S315080046F018BF284638BD3022237D534303F1A04313
S3150800470003F58023DD6EE3E71B8F00082DE9F743E9
S31508004710D0E9043404F17C07D0F80C90013B064636
S315080047201022002138469DB2D4F8748002F0F2FFB8
S31508004730104BC5F30A0543EA0513C4E91F390123DB
S3150800474094F8780084F88C30C4F884803A460A4B8A
S31508004750009604F16401FDF753FA38B140F28B3143
S31508004760064803B0BDE8F04302F0B6BA03B0BDE8A8
S31508004770F08300BF00001030F54800081B8F0008C2
S315080047802DE9F04300F13806044685B010220021D1
S31508004790304602F0BFFF4FF44473534D207DC4E901
S315080047A00F556387FDF752FA20B140F2C4514F48BE
S315080047B002F092FA10220021304602F0ABFF4FF4C5
S315080047C0447363873023207DC4E90F55434303F1BF
S315080047D0A04303F58023DB6EAB420BD1FDF756FAF7
S315080047E0002876D040F2CD51404805B0BDE8F043E8
S315080047F002F072BA0DF10B0103F052F920B140F242
S31508004800D3513A4802F068FA9DF80B30002B63D171
S315080048102046FFF757FF03A90746207D03F062F9F4
S3150800482020B140F2DB51314802F056FA039B002BC7
S3150800483004DC40F2DD512D4802F04EFA039B04F1E8
S315080048401808013B1022002140469DB2D4F810906A
S3150800485002F060FF3022237DC5F30A0553432D017C
S3150800486045F04075C4E9065903F1A043276203F5EC
S3150800487080231A6F94F82410520862F3410184F8D1
S315080048802410196F94F8242028F0030861F3000215
S3150800489084F824201B6F626A9B0863F39F0248F022
S315080048A0020362626364009432462146104B207DFF
S315080048B0FDF7A6F920B140F2FE510C4802F00CFAB9
S315080048C0207DFDF7E3F920B140F20261074802F0C6
S315080048D003FA05B0BDE8F08394F844306FF341035A
S315080048E084F84430DFE700BF111700201B8F00084B
S315080048F0E970000838B55569144695F88C3023B91F
S315080049004FF45A710A4802F0E7F9002305F19000BE
S3150800491085F88C30FCF7D0F808B1FFF7F7FE636826
S315080049201BB100212046A2689847002038BD00BF69
S315080049301B8F000838B50446007DFDF787F920B1BE
S3150800494040F22B41084802F0C7F92046FFF77AFEE5
S315080049500546207DFDF79AF920B14FF48661024895
S3150800496002F0BAF9284638BD1B8F00082DE9F04F2A
S315080049709946002304468BB008910692C9F8003080
S31508004980D9F80060069B9D1B00F0BC80089B9E1909
S3150800499000F0B8802046FFF7CDFF8046002840F09B
S315080049A0B1802046FFF78EFE226D904240F2B3801A
S315080049B0801A854228BF054694F896A0BAF1000FDA
S315080049C000F0E98003F0C8FB236D079020460993A1
S315080049D0FFF752FE2F46099B834658198342D4F89F
S315080049E0981040F0B380D4E9122313448B4208BFD1
S315080049F0C4F89820D4F898108A4201D88B4204D873
S31508004A0040F23B51854802F067F9079803F09FFB8F
S31508004A10DA46207DFDF71AF920B140F279417F4840
S31508004A2002F05AF92046FFF727FE06462046FFF70A
S31508004A3049FE236D8346984240F2BC8026B140F277
S31508004A408341764802F048F9A26C236DAEB29342D0
S31508004A5040F0A880099304F1280823691022002150
S31508004A604046079302F056FE3021079B013EE3625B
S31508004A70099BC6F30A062363237D36014B4328F0B8
S31508004A80030803F1A04346F0407648F0020203F516
S31508004A908023A6621A67236DD4E912122B440A44AE
S31508004AA0934208BF0B469342236504D340F2D6418E
S31508004AB05A4802F011F9236D9B4505D1012320467A
S31508004AC084F85430FFF75CFE207DFDF7DFF820B14F
S31508004AD04FF49E61514802F0FFF894F896303BB1C6
S31508004AE0BAF1000F04D0236E112120465B6898475F
S31508004AF0D9F8003037B1069A3B449342C9F80030DA
S31508004B00FFF43EAFD9F80030002B14BF00201B205D
S31508004B100BB0BDE8F08FD4E912310B449A4204D3A6
S31508004B2040F261413D4802F0D7F8D4E91232134405
S31508004B30226D9B1A9D4228BF1D46002D7FF43CAF6F
S31508004B4040F20F51354802F0C7F835E701335A1ECF
S31508004B50914210D1C4F8983013F8012C112A01D0CB
S31508004B60132A14D1013FA2F111014A424A41D04603
S31508004B7084F89C2032E713F8012C02F0FD01112974
S31508004B8006D1013FB8F1000F3FF428AFEBE7D04656
S31508004B9006F8012B22E72A463046216D02F04CFD25
S31508004BA02F4636E7238DC3F30A12164466F30E130F
S31508004BB0238570E7207D96B93023584300F1A0403D
S31508004BC000F58020426E436EC2F30A1223F4FF43B7
S31508004BD02A4423F0700343EA021343665BE7104B4B
S31508004BE0049403930023CDE90153012300935A4605
S31508004BF02369216802F0AFF920B140F2C2410748A3
S31508004C0002F06AF83022237D534303F1A04303F5EB
S31508004C1080235A6E22F480125A663CE71B8F0008DE
S31508004C20E97000082DE9F84F90F8943004460D46CF
S31508004C30002B40F0858090F89580DFF808918E1853
S31508004C40B54223D094F896306BB12046FFF772FE32
S31508004C50F8B1D4F89820236D9A4204D040F2CD21B9
S31508004C60484602F039F894F89C30002BE8D0236EB9
S31508004C702F462A785B68B8F1000F59D1236E204673
S31508004C805B683978013598470028D9D00020BDE8F7
S31508004C90F88F03F061FA0746207DFCF7D7FF20B1AD
S31508004CA040F2D321274802F017F82046FFF70AFDFD
S31508004CB0A26C00F1FF3A924538BFE36C207D3CBFF9
S31508004CC003F1FF3302EB030A94F854B0FCF7DEFF56
S31508004CD020B140F2DF211B4801F0FEFFD4F89810FE
S31508004CE0BBF1000F22D0236D8B4204D04FF43971EB
S31508004CF0144801F0F1FF384603F029FAB3E7A26C2D
S31508004D009A4202D9E36C013B134499420BD013F83B
S31508004D100129112A01D0132AF1D1A2F111035A420D
S31508004D205A4184F89C20C4F898A0E4E75346ECE777
S31508004D300A2AA3D10D212046984700289ED0A5E728
S31508004D400E20A4E71B8F0008F0B50C46154606464C
S31508004D50A022002189B0204602F0DCFC2746AC469A
S31508004D60BCE80F000FC7DCF8003005F1140C3B60F7
S31508004D7004F16407BCE80F000FC7DCF80030EA6AE4
S31508004D803B60AB6AC4E9132395F83020A36484F822
S31508004D90952095F83320C4F89830012384F8962096
S31508004DA084F89C3084F85430AB6B2366324B3460FD
S31508004DB07360324BB360324BF360324B7361324BE4
S31508004DC0B361324B3361FCF7E7FE10B1304B9842C2
S31508004DD00FD1002107A8FCF767FE014648B9079BD3
S31508004DE007A82375FCF760FE0346207D23B1FCF770
S31508004DF0ADFE102009B0F0BD079B84F87830FCF7AB
S31508004E0025FF0028F5D1234B0494CDE90203E36C72
S31508004E100193012300932369A26C2168207D02F087
S31508004E209AF80028E5D13022237D4FF480115343A8
S31508004E3042F2640203F1A04303F580239950AB6B59
S31508004E4093F91000FFF784FBAB6B93F91000FFF79B
S31508004E504DFB04F1900001F040FF3046FFF7CAFB16
S31508004E602046FFF78DFC207DFCF710FF003818BFA1
S31508004E7001200001BEE700BF254C00085971000853
S31508004E806D490008DD700008E3700008994E0008B7
S31508004E90038000F0E970000870B50568044695F8C7
S31508004EA09460002E3BD102F07AF9FFF7AFFB8442FB
S31508004EB002D13046FFF79EFB2B6E93F91000FFF7E1
S31508004EC047FB2B6E93F91000FFF7F2FA287D02F0E4
S31508004ED0A1FD20B140F29721144801F0FDFE287D7E
S31508004EE0FCF734FE20B140F29B21104801F0F4FE95
S31508004EF0FCF70AFE38B10E4B984204D040F29F21C7
S31508004F000A4801F0E9FE0023C4E90033C4E9053381
S31508004F10E3602B6E2846BDE87040DB68184740F210
S31508004F206621024801F0D8FE0F2070BD1B8F0008CD
S31508004F30058000F0F8B517461C46564A8B6B069D49
S31508004F401A60554A5A6000229A60544ADA600A463C
S31508004F502946FFF7F9FE0646002840F094802368A4
S31508004F600121C5F8A03063683A20C5F8A430637AF1
S31508004F7085F8A930237A85F8A830E37A85F8AB3026
S31508004F80A37A85F8AA30637B85F8AD30237B85F84C
S31508004F90AC30E37B85F8AF30A37B85F8AE30FDF700
S31508004FA081FA01230422617A207AFEF7D1FA0123D5
S31508004FB00222E17AA07AFEF7CBFA01216068FDF7B2
S31508004FC071FA3E7039462068FEF75EFD1420617C52
S31508004FD0334B01F1410252019850607A227A03EB71
S31508004FE0411342EA0042C3F83828E17AA27A42EA33
S31508004FF00142C3F8302885F8B0607B7E032B46D87B
S31508005000DFE803F03943021C022385F8B030002399
S315080050100422E17BA07BFEF79BFA0220617C204BF1
S3150800502001F1C1025201985003EB411341F62C01DC
S31508005030E07BA27B42EA00425A501CE0012785F831
S31508005040B03002220023617B207BFEF781FA617B68
S31508005050227B637C42EA014241F628015B0103F1A7
S31508005060A04303F570335A500422236803F580538E
S31508005070DA65002FCBD120680A4A00F500530521CE
S315080050809A64FEF79BFC3046F8BD0027D7E723262F
S31508005090F9E700BFBB71000845720008CF71000828
S315080050A000C00350FFFF0100F421014801F014BEBF
S315080050B0AD8F00080346054A0549106803448B422C
S315080050C08CBF4FF0FF301360704700BF48170020B1
S315080050D00000082070B503F03FF8144E05463478F2
S315080050E0FCB9134B1C60134B1C60134B1C6000F07F
S315080050F047F8012003F0DAF802F0BCFF0F4B02462E
S31508005100186020B9284603F022F8232070BD2346EC
S3150800511040F2E7310A4801F051F90A4B18600123B9
S315080051203370284603F013F80020EFE71417002021
S31508005130E4140020E0140020EC140020E8140020F9
S3150800514018FCFFFFDC140020012300B58DB08DF894
S315080051500F3002F0AFFE00230146CDE90033074ABF
S315080051600DF10F0304A803F06DF818B99DF80F3078
S31508005170002BFBD10DB05DF804FB00BF3F82000891
S3150800518010B5002486B01422214601A88DF80040E7
S3150800519002F0C0FA012313488DF8043002F0E7FF45
S315080051A0BFF34F8F6846FEF7E9FF204601A98DF841
S315080051B00440FEF7F5FF20460F2102F00BFD0F21F4
S315080051C0204602F015FDFEF7BFFF02F0D9FC064B9C
S315080051D053209C61FFF7BCF95320FFF787F906B007
S315080051E010BD00BF408D000800C00A5010B5044627
S315080051F002F092FB4FF47A729042B0FBF2F105D2BC
S315080052003621BDE810400C4801F066BD0B4BB3FBD8
S31508005210F1F30B49884201D93C21F2E702FB04F07D
S31508005220B0FBF3F0022806D9BDE810400323B0FB13
S31508005230F3F0FAF7C5BF10BDD190000840420F0041
S31508005240E7CD9A3B2DE9F04F9B4691B00B1E0A938A
S31508005250AD4B904614BF8146994600241A9E9BF88A
S31508005260000070B9444538BF224643464FF0000057
S315080052700A9928BF08F1FF32C847204611B0BDE891
S31508005280F08F25280BF1010B06D0224643460A99D2
S31508005290651CC8472C46E2E700230DE02D2A2AD0D4
S315080052A0302A06D0303A092A4FF0000711D80A25C5
S315080052B032E043F001038B46594611F8012B2B2A9D
S315080052C01CD0EBD8202A1CD0232A1DD02A2A2BD062
S315080052D000279BF800202E2A64D19BF801100BF1B9
S315080052E00102A1F13000092843F4806351D8002552
S315080052F04FF00A0C26E043F00203DCE743F0040310
S31508005300D9E743F00803D6E743F01003D3E78B4603
S3150800531005FB0722A2F13007594611F8012BA2F125
S3150800532030000928F3D9D4E756F8047B8B46002FBA
S31508005330BCBF43F002037F42CBE702460CFB0511D4
S31508005340A1F13005104610F8011BA1F1300EBEF18F
S31508005350090FF2D9114611F8010B6C282CD024D864
S31508005360682830D06A2837D011468B461BF8010BBF
S31508005370672875D857284BD8452807D085D9462891
S3150800538000F03281472880D143F4006343F02003BC
S3150800539040E12A2907D156F8045B0BF1020225EAF7
S315080053A0E575D7E75A460025D4E7742801D07A2848
S315080053B0DAD143F48073D8E750786C28F9D143F4EE
S315080053C04073911CD1E75078682802D043F08003D7
S315080053D0CBE743F0C003F4E743F40073C5E70A2AB2
S315080053E000F06381072A7FF450AF43F02103059349
S315080053F00823CDE903531023CDE9011356F8043BDE
S3150800540022460093484643460A9902F046F8FBE0CE
S31508005410A0F158020F2A3FF638AF01A151F822F041
S31508005420915400088B5200088B5200088B520008D2
S315080054308B5200088B5200088B5200088B520008CA
S315080054408B5200088B520008915400083356000806
S31508005450915400080D560008ED5500080D56000831
S31508005460A0F16902D2B20F2A3FF60FAF012149F225
S31508005470410C914011EA0C01B1D0782803F48061FF
S3150800548022D1002900F0918023F00D02102307E0B5
S31508005490622803F4806220D142BB23F00C02022367
S315080054A012F4007100F08480CDE907720022CDE97C
S315080054B0043206F1070A2AF0070A06950292FAE864
S315080054C00223CDE900233DE06F2812D123F00C0218
S315080054D009B123F00D020823E2E7582816D1002A5D
S315080054E039D123F00C0242F02002CFE723F00D0257
S315080054F0D5E7692823F0100230D023F01C0209B141
S3150800550023F01D020A23CBE7D972000842BB23F019
S315080055101002930527D5073626F00706B2467168A6
S315080055205AF8083B0A26CDE907720027CA0F002950
S31508005530CDE904670695029202DA5B4261EB410106
S31508005540CDE900314346224648460A9901F0E8FF6C
S315080055500446564683E623F00D02C4E70029D8D050
S3150800556023F01102D5E7D00506F1040A01D5336800
S3150800557003E0510614D596F90030CDE904720A22E3
S31508005580002B02924FEAD37203950192B8BF5B4291
S3150800559000934346224648460A9901F07EFFD7E71C
S315080055A01306E4D5B6F90030E7E723F00C026DE7F9
S315080055B0D00506F1040A06D5CDE90472CDE902350F
S315080055C001913368E4E7510608D53178CDE902350B
S315080055D00023CDE90472CDE90013DAE7316812F049
S315080055E0800F18BF89B2F1E743F02003CDE90173B4
S315080055F0073626F007060095B6EC020B4346224608
S3150800560048460A99FAF79CFF044628E6672801D116
S3150800561043F40063CDE90173073626F007060095C3
S31508005620B6EC020B4346224648460A99FAF7CCFDE1
S31508005630EAE713F0020523D04FF0010A631C0B9327
S31508005640224643460A9916F8040BC8475DB35446E2
S315080056500B9A1EE0434620200A99C8470AEB040223
S315080056600AF1010ABA45F5D3002F07F1FF3308BF3F
S31508005670002307F1010A1C4408BF4FF0020ADDE7C0
S31508005680AA46EBE7551C434620200A99C8472A46EE
S315080056900134BC42F6D3A7EB0A03574538BF0023AB
S315080056A00B9A1A440B920B9CD9E53246002D52F8F8
S315080056B0046B14BF29464FF0FF310B923246314432
S315080056C0107808B18A4211D1A2EB060A13F4806257
S315080056D00C9202D0AA4528BFAA4613F002030D93DE
S315080056E01BD1AAEB040322460F9308E00132E7E731
S315080056F0531C0E93202043460A99C8470E9A0F9BBF
S31508005700D3189F42F4D8A7EB0A03574538BF00239E
S315080057100AF101021C4403EB020AA31B0E9304E0E0
S315080057201D46434622460A99C8470E9B9C1916F8F9
S31508005730010B28B10C9B002BF3D06B1E002DEFD16B
S315080057400D9B93B12246AAEB040505E0561C434679
S3150800575020200A99C84732465319BB42F6D3A7EB0D
S315080057600A03574538BF00231C440B9E77E500BF44
S315080057700FB41FB506AA52F8043B02A90392009279
S3150800578004484FF0FF32FFF75DFD05B05DF804EB06
S3150800579004B07047BF7500080C23F0B58DB08DF8BE
S315080057A00730164B002402930DF1070303930123D8
S315080057B0134F06460D46386802A9CDF81240CDF8B3
S315080057C01640ADF81A40ADF81030FCF721F898B934
S315080057D00C4BCDF82600CDF82A00ADF82E0007A907
S315080057E03868CDE90736ADF82450FCF711F8B0FA59
S315080057F080F040090DB0F0BD2046FBE7AE00010081
S3150800580060170020AE000200264B30B5186800234A
S315080058100222194689B0806801F03AF82248FFF753
S31508005820A7FF2248FFF7A4FF214C224D012103A818
S31508005830FFF7B2FF58B32048FFF79AFF1F48FFF754
S3150800584097FF1F48FFF794FF1E48FFF791FF202395
S31508005850ADF8043001238DF806300023CDF8163054
S31508005860CDF81A30ADF81E30174B03A9039301ABD8
S3150800587004930323ADF81430144B1868FBF7C8FFDC
S315080058804FF47A6009B0BDE83040FFF75DBC2046AA
S31508005890FFF76EFF2846FFF76BFF4FF47A70FFF7A6
S315080058A053FCC3E78C170020C0910008C891000874
S315080058B0EE9100080992000828920008479200080D
S315080058C0579200087C920008AE000100601700207D
S315080058D0002337B508216846CDE90033FFF75CFF9A
S315080058E09DF80040DDF80230002C08BF4FF0FF3469
S315080058F012481DBA2BB9FFF73BFF1148FFF738FFCF
S3150800590007E0FFF735FF002DF7DD29460D48FFF7BD
S315080059102FFF002C0DDD21460B48FFF729FF0B480A
S31508005920FFF726FF4FF47A6003B0BDE83040FFF773
S315080059300BBC0748FFF71CFFF1E700BF9F92000862
S31508005940CB920008B8920008E79200080D93000869
S31508005950F592000808B5044802F009FCBDE80840BD
S315080059600248FBF7D9BE00BF588D00084C17002027
S31508005970064B1B681A7A022A04D812B11B68044A15
S3150800598013607047032AF9D0704700BF64170020D8
S31508005990F014002070B5244DA8B012AC0FCD0FC47A
S315080059A095E80700292384E8070000241F4ACDE963
S315080059B00944CDE903231E4B0B94CDE905344FF476
S315080059C0802319AD089308AE0FCECDE90E4407948F
S315080059D010940FC5174B0DAE2B60174B1EAD0D93CC
S315080059E00FCE0FC52021154B15482B60154B12AA53
S315080059F02393154B2694CDE92413144B19A9279301
S31508005A00134B009303ABFFF795FA044618B19B2195
S31508005A10104801F061F900214FF4E13001F0A5F9D1
S31508005A20204628B070BD00BF9493000800000A50B5
S31508005A300102010324000A50020004003C000A5037
S31508005A40A81500201517002000010100781700206E
S31508005A50F41400202893000808B5FFF79BFF28B127
S31508005A60BDE80840CB21024801F036B908BD00BFA1
S31508005A70289300080148FFF717BB00BFA8150020A8
S31508005A8081F0004102E000BF83F0004330B54FEAE1
S31508005A9041044FEA430594EA050F08BF90EA020F4E
S31508005AA01FBF54EA000C55EA020C7FEA645C7FEAE1
S31508005AB0655C00F0E2804FEA5454D4EB5555B8BF04
S31508005AC06D420CDD2C4480EA020281EA030382EA75
S31508005AD0000083EA010180EA020281EA0303362D07
S31508005AE088BF30BD11F0004F4FEA01314FF4801CDA
S31508005AF04CEA113102D0404261EB410113F0004FEC
S31508005B004FEA03334CEA133302D0524263EB4303A2
S31508005B1094EA050F00F0A780A4F10104D5F1200E40
S31508005B200DDB02FA0EFC22FA05F2801841F100019B
S31508005B3003FA0EF2801843FA05F359410EE0A5F16F
S31508005B4020050EF1200E012A03FA0EFC28BF4CF0A0
S31508005B50020C43FA05F3C01851EBE37101F0004556
S31508005B6007D54FF0000EDCF1000C7EEB00006EEB63
S31508005B700101B1F5801F1BD3B1F5001F0CD34908ED
S31508005B805FEA30004FEA3C0C04F101044FEA445244
S31508005B9012F5800F80F09A80BCF1004F08BF5FEACB
S31508005BA0500C50F1000041EB045141EA050130BDAB
S31508005BB05FEA4C0C404141EB0101013C28BFB1F5BD
S31508005BC0801FE9D291F0000F04BF01460020B1FA08
S31508005BD081F308BF2033A3F10B03B3F120020CDADB
S31508005BE00C3208DD02F1140CC2F10C0201FA0CF0B9
S31508005BF021FA02F10CE002F11402D8BFC2F1200C1E
S31508005C0001FA02F120FA0CFCDCBF41EA0C019040D3
S31508005C10E41AA2BF01EB0451294330BD6FEA04041C
S31508005C201F3C1CDA0C340EDC04F11404C4F1200207
S31508005C3020FA04F001FA02F340EA030021FA04F319
S31508005C4045EA030130BDC4F10C04C4F1200220FA70
S31508005C5002F001FA04F340EA0300294630BD21FAAE
S31508005C6004F0294630BD94F0000F83F4801306BF74
S31508005C7081F480110134013D4EE77FEA645C18BF68
S31508005C807FEA655C29D094EA050F08BF90EA020FFF
S31508005C9005D054EA000C04BF1946104630BD91EAF7
S31508005CA0030F1EBF0021002030BD5FEA545C05D1FA
S31508005CB04000494128BF41F0004130BD14F5800439
S31508005CC03CBF01F5801130BD01F0004545F0FE41AD
S31508005CD041F470014FF0000030BD7FEA645C1ABFE2
S31508005CE0194610467FEA655C1CBF0B46024650EA19
S31508005CF0013406BF52EA033591EA030F41F4002145
S31508005D0030BD00BF90F0000F04BF0021704730B5CA
S31508005D104FF4806404F132044FF000054FF000019F
S31508005D2050E700BF90F0000F04BF0021704730B560
S31508005D304FF4806404F1320410F0004548BF404235
S31508005D404FF000013EE700BF42004FEAE2014FEA8A
S31508005D5031014FEA02701FBF12F07F4393F07F4F65
S31508005D6081F06051704732F07F4208BF704793F068
S31508005D707F4F04BF41F40021704730B54FF460747B
S31508005D8001F0004521F000411CE700BF50EA01027E
S31508005D9008BF704730B54FF000050AE050EA010227
S31508005DA008BF704730B511F0004502D5404261EB97
S31508005DB041014FF4806404F132045FEA915C3FF4D8
S31508005DC0D8AE4FF003025FEADC0C18BF03325FEA75
S31508005DD0DC0C18BF033202EBDC02C2F1200300FA26
S31508005DE003FC20FA02F001FA03FE40EA0E0021FA4B
S31508005DF002F11444BDE600BF70B54FF0FF0C4CF439
S31508005E00E06C1CEA11541DBF1CEA135594EA0C0FEA
S31508005E1095EA0C0F00F0DEF82C4481EA030621EA25
S31508005E204C5123EA4C5350EA013518BF52EA033560
S31508005E3041F4801143F4801338D0A0FB02CE4FF012
S31508005E400005E1FB02E506F00042E0FB03E54FF042
S31508005E500006E1FB03569CF0000F18BF4EF0010E3A
S31508005E60A4F1FF04B6F5007F64F5407404D25FEA36
S31508005E704E0E6D4146EB060642EAC62141EA5551E9
S31508005E804FEAC52040EA5E504FEACE2EB4F1FD0C2B
S31508005E9088BFBCF5E06F1ED8BEF1004F08BF5FEAA9
S31508005EA0500E50F1000041EB045170BD06F000465B
S31508005EB046EA010140EA020081EA0301B4EB5C0408
S31508005EC0C2BFD4EB0C0541EA045170BD41F4801100
S31508005ED04FF0000E013C00F3AB8014F1360FDEBF25
S31508005EE0002001F0004170BDC4F10004203C35DA01
S31508005EF00C341BDC04F11404C4F1200500FA05F384
S31508005F0020FA04F001FA05F240EA020001F0004224
S31508005F1021F0004110EBD37021FA04F642EB06019A
S31508005F205EEA430E08BF20EAD37070BDC4F10C04C4
S31508005F30C4F1200500FA04F320FA05F001FA04F288
S31508005F4040EA020001F0004110EBD37041F1000174
S31508005F505EEA430E08BF20EAD37070BDC4F120057F
S31508005F6000FA05F24EEA020E20FA04F301FA05F2E7
S31508005F7043EA020321FA04F001F0004121FA04F28F
S31508005F8020EA020000EBD3705EEA430E08BF20EA5F
S31508005F90D37070BD94F0000F0FD101F00046400099
S31508005FA041EB010111F4801F08BF013CF7D041EA1B
S31508005FB0060195F0000F18BF704703F0004652001F
S31508005FC043EB030313F4801F08BF013DF7D043EAF0
S31508005FD00603704794EA0C0F0CEA135518BF95EAA6
S31508005FE00C0F0CD050EA410618BF52EA4306D1D12D
S31508005FF081EA030101F000414FF0000070BD50EA4C
S31508006000410606BF1046194652EA430619D094EAD5
S315080060100C0F02D150EA013613D195EA0C0F05D1BF
S3150800602052EA03361CBF104619460AD181EA030113
S3150800603001F0004141F0FE4141F470014FF00000CB
S3150800604070BD41F0FE4141F4780170BD70B54FF066
S31508006050FF0C4CF4E06C1CEA11541DBF1CEA1355E6
S3150800606094EA0C0F95EA0C0F00F0A7F8A4EB0504C8
S3150800607081EA030E52EA03354FEA013100F08880BF
S315080060804FEA03334FF0805545EA131343EA126388
S315080060904FEA022245EA111545EA10654FEA00263D
S315080060A00EF000419D4208BF964244F1FD0404F5F6
S315080060B0407402D25B084FEA3202B61A65EB030552
S315080060C05B084FEA32024FF480104FF4002CB6EB0F
S315080060D0020E75EB030E22BFB61A754640EA0C008F
S315080060E05B084FEA3202B6EB020E75EB030E22BFCF
S315080060F0B61A754640EA5C005B084FEA3202B6EB10
S31508006100020E75EB030E22BFB61A754640EA9C00CE
S315080061105B084FEA3202B6EB020E75EB030E22BF9E
S31508006120B61A754640EADC0055EA060E18D04FEA5C
S31508006130051545EA16754FEA06164FEAC30343EAFC
S3150800614052734FEAC2025FEA1C1CC0D111F4801FC9
S315080061500BD141EA00014FF000004FF0004CB6E7C2
S3150800616011F4801F04BF01430020B4F1FD0C88BF61
S31508006170BCF5E06F3FF6AFAEB5EB030C04BFB6EB6C
S31508006180020C5FEA500C50F1000041EB045170BD5F
S315080061900EF0004E4EEA113114EB5C04C2BFD4EB8C
S315080061A00C0541EA045170BD41F480114FF0000E10
S315080061B0013C90E645EA060E8DE60CEA135594EA8C
S315080061C00C0F08BF95EA0C0F3FF43BAF94EA0C0F8F
S315080061D00AD150EA01347FF434AF95EA0C0F7FF404
S315080061E025AF104619462CE795EA0C0F06D152EA58
S315080061F003353FF4FDAE1046194622E750EA41063C
S3150800620018BF52EA43067FF4C5AE50EA41047FF44C
S315080062100DAF52EA43057FF4EBAE12E74FF0FF3CB1
S3150800622006E000BF4FF0010C02E000BF4FF0010C82
S315080062304DF804CD4FEA410C7FEA6C5C4FEA430CFB
S3150800624018BF7FEA6C5C1BD001B050EA410C0CBF4A
S3150800625052EA430C91EA030F02BF90EA020F0020AC
S31508006260704710F1000F91EA030F58BF994208BF13
S3150800627090422CBFD8176FEAE37040F001007047D0
S315080062804FEA410C7FEA6C5C02D150EA013C07D127
S315080062904FEA430C7FEA6C5CD6D152EA033CD3D072
S315080062A05DF8040B704700BF8446104662468C466C
S315080062B01946634600E000BF01B5FFF7B7FF00289F
S315080062C048BF10F1000F01BD4DF808EDFFF7F4FFC8
S315080062D00CBF012000205DF808FB00BF4DF808ED53
S315080062E0FFF7EAFF34BF012000205DF808FB00BF76
S315080062F04DF808EDFFF7E0FF94BF012000205DF898
S3150800630008FB00BF4DF808EDFFF7CEFF94BF01204C
S3150800631000205DF808FB00BF4DF808EDFFF7C4FF45
S3150800632034BF012000205DF808FB00BF4FEA410298
S3150800633012F5001215D211D56FF47873B3EB6252C9
S3150800634012D94FEAC12343F0004343EA505311F0F0
S31508006350004F23FA02F018BF404270474FF0000082
S31508006360704750EA013005D111F0004008BF6FF0C0
S31508006370004070474FF00000704700BF4A0011D236
S3150800638012F5001211D20DD56FF47873B3EB625281
S315080063900ED44FEAC12343F0004343EA505323FA8D
S315080063A002F070474FF00000704750EA013002D102
S315080063B04FF0FF3070474FF00000704753B94AB9A5
S315080063C0002908BF00281CBF4FF0FF314FF0FF30EF
S315080063D000F082B9ADF1080C6DE904CE00F006F8BC
S315080063E0DDF804E0DDE9022304B070472DE9F04F3B
S315080063F0099D0C46002B4DD18A420F468446964687
S31508006400B2FA82F360D94BB102FA03FEC3F1200255
S315080064109F4000FA03FC20FA02F217434FEA1E4691
S315080064201FFA8EF44FEA1C42B7FBF6F106FB11770A
S3150800643001FB04F042EA0742904208D91EEB020229
S3150800644001F1FF3702D2904200F231813946121A21
S315080064501FFA8CFCB2FBF6F006FB102200FB04F4D4
S315080064604CEA024C644508D91EEB0C0C00F1FF32CD
S3150800647002D2644500F21E81104640EA0140ACEBA8
S31508006480040C002125B12CFA03F30022C5E90032D9
S31508006490BDE8F08F8B4205D90DB1C5E90001002191
S315080064A00846F5E7B3FA83F100294DD1A342C0F0B7
S315080064B0F380904280F0F080064623460846002D79
S315080064C0E6D0C5E90063E3E7002B40F0A3808A1A0B
S315080064D04FEA1E471FFA8EF60121B2FBF7F407FBB7
S315080064E014204FEA1C4242EA004206FB04F090429E
S315080064F00FD91EEB020204F1FF382CBF4FF0010939
S315080065004FF00009904203D9B9F1000F00F0CC8092
S315080065104446121A1FFA8CFCB2FBF7F007FB10224E
S3150800652000FB06F64CEA024C664508D91EEB0C0C35
S3150800653000F1FF3202D2664500F2B3801046ACEB9A
S31508006540060C40EA04409DE7C1F120068B4004FA98
S3150800655001FE22FA06F720FA06FCF4408A401F4399
S315080065604EEA0C0300FA01FE4FEA17484FEA1349B0
S315080065701FFA87FCB4FBF8F008FB104449EA044408
S3150800658000FB0CF9A1450ED93C1900F1FF3A2CBFC6
S315080065904FF0010B4FF0000BA14503D9BBF1000FDB
S315080065A000F08B805046A4EB09041FFA83F9B4FB6C
S315080065B0F8F308FB134403FB0CFC49EA0444A4451E
S315080065C006D93C1903F1FF3801D2A4457BD84346C6
S315080065D043EA0040A4EB0C04A0FB02984445CC46D1
S315080065E0434602D306D1CE4504D20138B9EB020C94
S315080065F068EB0703002D6CD0BEEB0C0264EB0304BA
S3150800660022FA01F304FA06F6CC4000211E43C5E936
S3150800661000643DE702FA03FEC3F1200104FA03F21F
S3150800662000FA03FCCC404FEA1E4720FA01F11FFA94
S315080066308EF6B4FBF7F00A4307FB1044110C41EA47
S31508006640044100FB06F48C420ED91EEB010100F151
S31508006650FF382CBF4FF001094FF000098C4202D9D0
S31508006660B9F1000F2CD04046091B92B2B1FBF7F4E2
S3150800667007FB141142EA014204FB06F1914207D9CD
S315080066801EEB020204F1FF3801D291421ED844469D
S31508006690521A44EA004120E7861A64EB03030120F4
S315080066A00DE7F44402384AE7023C724431E70239FE
S315080066B07244CCE6F4440238DFE602383C4472E71A
S315080066C002387144D0E7023B3C4481E7023C7244FD
S315080066D0DEE72946DCE600BF704700BF08B5064B73
S315080066E0044613B10021AFF30080044B1B6803B1C5
S315080066F09847204600F0DCFC00000000FC1600204D
S3150800670070B50D4D00260D4C641BA410A64209D188
S315080067100B4D00260B4C01F0F3FD641BA410A6429A
S3150800672005D170BD55F8043B01369847EEE755F894
S31508006730043B01369847F2E7F0170020F0170020CF
S31508006740F0170020F4170020002310B504468360D4
S31508006750818119464366C28108228361C0E90033F4
S31508006760C0E904335C3000F0D5FF0D4B2462636248
S315080067700C4BA3620C4BE3620C4B23630C4B9C4201
S3150800678006D003F16802944202D0D0339C4205D168
S3150800679004F15800BDE8104000F0C4BF10BD00BFAA
S315080067A05376000875760008AD760008D17600089D
S315080067B0C4150020024A0349034800F08DBF00BFF4
S315080067C0DC1700207B7800089017002041680C4BE6
S315080067D0994210B5044601D001F04FF8A168094B5B
S315080067E0994202D0204601F048F8E168064B9942E2
S315080067F004D02046BDE8104001F03FB810BD00BFE8
S31508006800C41500202C1600209416002010B50B4B3A
S3150800681004210B4C0B4A20461A600022FFF794FF0E
S3150800682004F1680001220921FFF78EFF04F1D00068
S3150800683002221221BDE81040FFF786BFFC16002091
S31508006840C4150020B5670008014800F06CBF00BFFA
S3150800685036170020014800F067BF00BF3617002032
S3150800686010B50446FFF7F0FF236A1BB1BDE81040D8
S31508006870FFF7F0BF044B2362044B1B68002BF5D1CE
S31508006880FFF7C4FFF2E700BFCD670008FC1600203B
S315080068902DE9F7431D46574B04460E461F6890469A
S315080068A027B13B6A13B93846FFF7DAFFB8F1020F8A
S315080068B006D0B8F1010F00F29980002DC0F296803B
S315080068C0636ED90705D4A3899A0502D4A06D00F092
S315080068D02AFF2146384600F0D0FF616B41B104F12A
S315080068E04403994202D0384600F098F800236363BF
S315080068F00023A3616360A3891B0603D52169384673
S3150800690000F08CF8A389B8F1020F23F44A6323F048
S315080069100303A38160D001AB6A462146384600F0DE
S3150800692004FFA3891843A0812DBB009D284600F0CB
S31508006930CFF80646002851D1DDF80090A9453FD189
S315080069404FF0FF35B4F90C3043F00202A281002261
S31508006950A26004F147022260226101226261626E2E
S31508006960D60704D4980502D4A06D00F0DDFE2846AB
S3150800697003B0BDE8F083002ED8D03B6A13B9384679
S31508006980FFF76EFFB8F1010F266002BFA38943F037
S315080069900103A381B4F90C3013F00802C4E90465B5
S315080069A01ED0D90745BF00226D42A560A26048BF28
S315080069B0A561626ED20701D49B0513D50025D6E7DB
S315080069C0484600F085F806460028B9D0A3894D4602
S315080069D043F08003A381D0E70025B3E7A946F5E78E
S315080069E0A260E6E7A06D00F09FFEE7E74FF0FF35EF
S315080069F0BDE700BF8C17002038B50446064D08468B
S31508006A00114600222A601A46FDF70CFE431C02D1E5
S31508006A102B6803B1236038BD0017002038B505463A
S31508006A20002941D051F8043C0C1F002BB8BFE418CC
S31508006A3000F026F91D4A136833B9636014602846C6
S31508006A40BDE8384000F022B9A34208D920682118C9
S31508006A508B4201BF19685B6809182160EDE71A4681
S31508006A605B680BB1A342FAD911685018A0420BD142
S31508006A7020680144501811608342E0D118685B68A9
S31508006A80084453601060DAE702D90C232B60D6E776
S31508006A90206821188B4202BF19685B680918636071
S31508006AA008BF21605460CAE738BD00BF0817002038
S31508006AB038B50023054D044608462B6000F0F6FA63
S31508006AC0431C02D12B6803B1236038BD0017002090
S31508006AD0024B0146186800F025B800BF8C17002045
S31508006AE070B50F4E0C460546316811B900F0D4F85A
S31508006AF030602146284600F0CFF8431C03D14FF0FA
S31508006B00FF34204670BDC41C24F00304A042F8D00C
S31508006B10211A284600F0C0F80130F2D1EFE700BF8D
S31508006B20041700202DE9F041CD1C064625F0030583
S31508006B3008350C2D38BF0C25002D01DBA94204D9D8
S31508006B400C2333600020BDE8F081314F00F098F83F
S31508006B503B681C4644BB29463046FFF7C1FF431C29
S31508006B60044650D13C682146002941D1002C44D026
S31508006B702368304604EB030800F08EF880453CD1C4
S31508006B80216830466D1A2946FFF7AAFF013034D02E
S31508006B9023682B4423603B68002B36D05A68A242F0
S31508006BA029D100225A600EE02268521B1DD40B2AF6
S31508006BB016D96119A342256018BF5960636808BFD2
S31508006BC0396062514B60304600F060F804F10B0002
S31508006BD0231D20F00700C21AB5D01B1AA350B2E72E
S31508006BE0A3426268DED13A60EDE723466468B1E7FE
S31508006BF00C464968B8E71346CEE70C23304633609F
S31508006C0000F044F89EE70560DDE75B60FFDE00BF45
S31508006C100817002038B50023064D044608461146D5
S31508006C202B6000F046FA431C02D12B6803B123609F
S31508006C3038BD00BF0017002038B50446064D084683
S31508006C40114600222A601A4600F038FA431C02D17F
S31508006C502B6803B1236038BD0017002038B50446F9
S31508006C60064D0846114600222A601A4600F028FA00
S31508006C70431C02D12B6803B1236038BD00170020DE
S31508006C80014800F050BD00BF35170020014800F04C
S31508006C904BBD00BF3517002038B50023054D044607
S31508006CA008462B60FEF706FA431C02D12B6803B18F
S31508006CB0236038BD001700200F207047FEE7002329
S31508006CC09A4200D1704710B550F8234041F8234046
S31508006CD001339A42F8D110BDFEE7002303607047DE
S31508006CE070B5002506462C46052C20D8DFE804F0AA
S31508006CF003070B0F13175B210820F9F753FF0C2125
S31508006D000820F9F74FFFD1210820F9F74BFF80211A
S31508006D100820F9F747FF00210820F9F743FF6C1C04
S31508006D202946E4B208202546F9F73CFF0624A4F1D3
S31508006D300E03012B05D85A210820F9F733FF013431
S31508006D40D2E7102C05D1BDE870405D210820F9F77F
S31508006D5029BFB31F195DEFE708B5082000F013F83F
S31508006D60BDE80840082000F019B8012307B520F04F
S31508006D707F4040EA8170019068460093FFF7B0FFB4
S31508006D8003B05DF804FB4FF060420123D2F8001E01
S31508006D9083400B430020C2F8003E70474FF0604125
S31508006DA00122D1F8003E824023EA02030020C1F8FE
S31508006DB0003E704708B501F069FABDE8084001F0E1
S31508006DC08BB8002313B504460DF10601C0688DF88B
S31508006DD006308DF8073000F03DFE28B99DF80630DC
S31508006DE013B1E06800F016FE20690DF1070100F006
S31508006DF031FE28B99DF8073013B1206900F00AFE64
S31508006E0002B010BD2DE9F743884616461F460446CC
S31508006E1010B30AB305790DBB13B3B1F5806F1FD252
S31508006E2001F09AF9A4F8068081466567204684F839
S31508006E307E50F9F775FF0A9B2046CDE900533A467E
S31508006E402B463146F9F7E6FF0446484601F07FF936
S31508006E50204603B0BDE8F0832224F9E72424F7E7A7
S31508006E602124F5E72DE9F7430F4615461E46044645
S31508006E7030B32AB390F80490B9F1000F22D11BB3AE
S31508006E80B1F5806F20D201F067F90123804684F8B6
S31508006E907E302046E780C4F87890F9F741FF0A9BD0
S31508006EA02046CDE900634A462B464946F9F7B2FF24
S31508006EB00446404601F04BF9204603B0BDE8F0838E
S31508006EC02224F9E72424F7E72124F5E72DE9F74FEB
S31508006ED00F46DDE90CAB15461E46044660B35AB3A9
S31508006EE0BAF1000F28D090F80490B9F1000F25D117
S31508006EF033B3BBF1000F23D0B1F5806F20D201F078
S31508006F002BF90223804684F87E302046C4E91D9971
S31508006F10E780F9F705FF0E9B2046CDE900B3324618
S31508006F2053462946F9F776FF0446404601F00FF91D
S31508006F30204603B0BDE8F08F2224F9E72424F7E7BA
S31508006F402124F5E70020FAF7D1BA0120FAF7CEBADC
S31508006F500220FAF7CBBA10B588B004460E9800920C
S31508006F6007900D98224606909DF8300005900B98DC
S31508006F7004909DF8280003900020CDE901300B46C7
S31508006F800121FAF7D3FC08B010BD70B505461446C2
S31508006F900E4601F0D8F82B685C4034405C402C6003
S31508006FA0BDE8704001F0CAB808B500F0C7FCBDE8F6
S31508006FB008400021FBF74ABA0029CCBF012100216D
S31508006FC0FBF744BA02214FF42070FBF701BF704764
S31508006FD0704770B5054614460E4601F0B4F82B689E
S31508006FE05C4034405C402C60BDE8704001F0A6B8B7
S31508006FF083695B06FCD5C163704770B505461446C0
S315080070000E4601F0A0F82B685C4034405C402C60CA
S31508007010BDE8704001F092B80369DA0744BF20233F
S31508007020C360C023C3604369DB0502D42021FCF793
S31508007030D3BE436AF7E7704700F000B800207047F0
S31508007040FDF7D0B870B50C46154610B9FDF7DEFA4F
S3150800705038B143682BB12A462146BDE8704000681E
S315080070601847232070BDF7B50D4616461C4648B18D
S3150800707003B901ACC7685FB12346324629460068A2
S31508007080B84706E0FDF7C2FA04B901AC0028F1D109
S31508007090232003B0F0BD07B501228DF807100DF1C6
S315080070A00701FFF7CFFF03B05DF804FB0020704728
S315080070B0FEE74FF4005300204B60704700207047EE
S315080070C007B5002001AB0190FFF7CDFF0198002816
S315080070D008BF4FF0FF3003B05DF804FB80F8951049
S315080070E0704790F89500704792F8543037B51446B3
S315080070F033B1936D0BB1D06D9847002384F85430A3
S3150800710094F896301BB32046FDF7B6FAF8B1236E0D
S31508007110132120465B6898471025236E20461B6876
S315080071200DF10701984778B99DF8073003F0FD027D
S31508007130112A05D1A3F111025342534184F89C3018
S31508007140013D15F0FF05E8D12046FDF719FB0020A3
S3150800715084F8540003B030BD90F8943070B50546F5
S315080071600C46C3B10B69B3F5006F16D800F0F4FFEF
S3150800717095F88C30064665614BB1214605F19000BD
S31508007180F9F788FC304600F0E2FF002070BD204683
S31508007190FDF7BCFAF6E70E20F8E72120F6E738B542
S315080071A048B10024056800F0D7FFC5E9164400F089
S315080071B0CEFF204638BD2220FCE7D0F8A0309A69D9
S315080071C0120643BF5B6A00200B701B20704710B580
S315080071D00446D0F8A02093695906FCD5002394F8F4
S315080071E0A9101A4694F8A800FCF7B2F9002394F8F7
S315080071F0AB101A4694F8AA00FCF7AAF994F8B0302E
S31508007200DA0707D5002394F8AD101A4694F8AC00AF
S31508007210FCF79EF994F8B0309B0707D5002394F83D
S31508007220AF101A4694F8AE00FCF792F9D4F8A0000D
S315080072300021FCF7C3FBD4F8A4000021FBF732F9C0
S31508007240002010BD08B5D0F8A000FFF7D1FE002039
S3150800725008BD70477047704708B500F0BDF900F0E3
S31508007260C5F900F0CEF9FFF7F6FF00F0D3F9BDE84F
S31508007270084000F0D0B908B5FFF7DDFEFFF7E9FFD3
S31508007280FDF79EF9FDF7ECF8FFF7DAFEFDF7FEF8D5
S31508007290FDF720FFFFF7DEFF00F007F800F0A5F97D
S315080072A0BDE80840FFF7D8BF704708B500F090F969
S315080072B000F08FF900F08EF900F08DF9FFF7F4FF72
S315080072C008BD08B500F0A8F900F0A7F900F0A6F97E
S315080072D0BDE8084000F0A3B970472DE9F84F984675
S315080072E0DDE90B490D9B15469A0706460F4623D03E
S315080072F02A460A9B03EB040A1444A24220D10D9B9A
S315080073009B0705D5A2EB050AD14505EB0A0420D84B
S315080073102046BDE8F88F434639462020B0470AF193
S31508007320010ACA450AEB0B02F5D3A9EB04024C4540
S3150800733088BF00222A44DCE7A246A5EB040BF0E747
S3150800734002F1010B434639461AF8010DB0475A4671
S31508007350D3E74346224639462020B0470AF1010AB8
S31508007360D2E72DE9F0479E46DDE90D3CDDE90874D4
S31508007370DDE90B651CF0020F9DF828801FD10CF083
S3150800738001094BB1B9F1000F06D0B8F1000F02D1CF
S315080073901CF00C0F00D0013B4FF0300A02E007F852
S315080073A004A00134A54201D9202CF8D1B9F1000F67
S315080073B005D04FF03009A34201D9202C1BD11CF06F
S315080073C0100F15D01CF4806F32D1C4B1AC4201D075
S315080073D09C422DD1651E12D0102E3FD11CF0200FD5
S315080073E0A4F1020456D178263E5530266C1C7E55EB
S315080073F0202C29D00DE007F804900134DBE7102E85
S3150800740010D11CF0200F2FD178243C7030247C70CA
S315080074100224B8F1000F31D02D253D55013414E072
S315080074206224F2E7022EFBD030243C700124F0E7F8
S31508007430102E1BD11CF0200F2AD1202C04D0782620
S31508007440651C3E55202DD0D12024CDE90A3CCDE936
S3150800745008747346BDE8F047FFF73FBF022EC4D154
S3150800746062247C550135EDE75824CEE7022E03D178
S31508007470202CE9D02546F3E72546E3E71CF0040F60
S3150800748001D02B25C9E71CF0080FDED02025C4E75C
S31508007490202CD9D05826651CD3E72DE9F04391B0A6
S315080074A0189D1A9F1D9E2DB926F0100416F4806F9C
S315080074B0264622D116F0200F14BF4FF0410E4FF08A
S315080074C0610EAC4600250DF12008AEF10A0EBCFB94
S315080074D0F7F907FB19C95FFA89F4B9F1090F94BFDF
S315080074E030347444E4B2BC4508F8014B05F1010593
S315080074F0BCFBF7F401D3202D10D11C9C06960594ED
S315080075001B9CCDE903749DF86440CDE9015408AC91
S315080075100094FFF726FF11B0BDE8F083A446D6E72E
S315080075202DE9F04F95B0CDE90A23DDE91E76DDE9B0
S31508007530229B57EA0603CDE90801269C05D124F0CB
S31508007540100314F4806F1C4637D114F0200F14BFB3
S315080075504123612300250DF1300AA3F10A083146BB
S315080075604A465B463846FEF729FFD2B2092A94BF37
S31508007570303242444F45D2B276EB0B0605F101058F
S315080075800AF8012B01D3202D14D1259B06940593C7
S31508007590249BDDE90801CDE903939DF88030CDE908
S315080075A001530CAB0093DDE90A23FFF7DAFE15B0A9
S315080075B0BDE8F08F07460E46D1E70025E5E708B196
S315080075C000F001B8704701460020FFF764BD704718
S315080075D0704770477047704708B5F9F7C7F9FFF75E
S315080075E02BFDBDE80840F9F7B7B9704708B5F9F7B4
S315080075F073FAF9F723FBFEF7ADF9BDE80840FFF784
S31508007600ABBB08B5FFF758FBFEF726FABDE80840FE
S31508007610FEF7AEB9704770477047704770477047B6
S31508007620FEF728BA08B5FFF726FEFEF7EDF8FFF7CE
S3150800763048FEFEF74DF9FAE70A44431E914200D187
S31508007640704710B511F8014B914203F8014FF9D173
S3150800765010BD10B50C46B1F90E10FFF7FFFA002859
S31508007660ABBF636DA3891B1823F48053ACBF636556
S31508007670A38110BD2DE9F0411F468B8905460C46AE
S31508007680DB05164605D502230022B1F90E10FFF7D1
S31508007690D3FAA3893246B4F90E10284623F4805348
S315080076A0A3813B46BDE8F041FFF7A6B910B50C46E5
S315080076B0B1F90E10FFF7C0FA431CA38915BF606520
S315080076C023F4805343F48053A38118BFA38110BDCC
S315080076D0B1F90E10FFF7ECB92DE9F84307468846CD
S315080076E014460026D4E90195B9F1010905D524689F
S315080076F0002CF7D13046BDE8F883AB89012B07D9B2
S31508007700B5F90E30013303D029463846C04706433B
S315080077106835E9E702440346934200D1704703F807
S31508007720011BF9E770477047704770B50C46B1F909
S315080077300E1096B0154600291E460CDAA3890021BC
S3150800774013F0800F14BF40234FF48063002031608C
S315080077502B6016B070BD6A46FFF75CFA0028EDDBB1
S31508007760019901F47041A1F50053594259414FF46A
S315080077708063EBE7B1F90C202DE9F04117070546C0
S315080077800C4656D44B68002B02DC0B6C002B3DDDF7
S31508007790E66A002E3AD0002312F480522F68216A36
S315080077A02B6025D0626DA389580705D56368D21A60
S315080077B0636B0BB1236CD21A216A0023E66A28464A
S315080077C0B047411C24D00023636023692360A38942
S315080077D0DA0400D56065616B2F60B9B104F1440322
S315080077E0994202D02846FFF719F9002363630DE092
S315080077F001232846B047461C0246D4D12B68002BE5
S31508007800D1D01D2B01D0162B2AD12F6000202EE0B7
S315080078102A68B4F90C3042B11D2A01D0162A21D1A2
S315080078200023636023692360D5E7626022692260CA
S31508007830CEE70F69002FE9D093070E680F600CBFDB
S315080078404B690023A6EB07088B60B8F1000FDDDD56
S3150800785043463A46216A2846A66AB047002808DC05
S31508007860B4F90C3043F040034FF0FF30A381BDE874
S31508007870F0810744A8EB0008E7E738B50B69054629
S315080078800C4613B90025284638BD18B1036A0BB94A
S31508007890FEF7E6FFB4F90C30002BF3D0626ED00782
S315080078A004D4990502D4A06DFFF73DFF284621466A
S315080078B0FFF760FF636E0546DA07E4D4A3899B05E4
S315080078C0E1D4A06DFFF730FFDDE70000014B186833
S315080078D0704700BF3C1700200A4B1B6F03F00703D5
S315080078E0013B032B03D8DFE803F00A030608FEE78B
S315080078F0054B18687047054BFBE705487047054870
S31508007900704700BF008000503C1700204417002035
S3150800791080D54302002D310108B5FFF7DDFF054B81
S315080079201B6FC3F303330133B0FBF3F0024B18604C
S3150800793008BD00BF00800050381700200048704777
S3150800794000B4C40400487047002D3101014B186883
S31508007950704700BF441700200048704780D543028F
S315080079604FF400221B4B5A664FF0B4439868C0F395
S3150800797004400C280AD8DFE800F00B070909270994
S31508007980191B1D1F21232500134870470020704727
S315080079909B6803F04073B3F1807F17D0B3F1007F83
S315080079A016D00E4A002B08BF104670470C48704781
S315080079B00C4870470C4870470C4870470C4870478D
S315080079C00C4870470C4870470C4870470C4870477D
S315080079D00C48704700900050404B4C0000093D0091
S315080079E0405DC6000024F400C0EA2101002D3101E3
S315080079F080BA8C010048E801005A62028096980015
S31508007A0080841E0040420F00014B1868704700BF73
S31508007A10401700200A4A08B5127852B107280AD832
S31508007A20084A02EB00131B7B3BB1FBF7D5FE00208F
S31508007A3008BD0548FCE70548FAE70548F8E700BF2A
S31508007A400D17002058140020028000F0018000F075
S31508007A50078000F00C4B1B787BB107280FD871B153
S31508007A600A4B03EB00131B7B5BB1094BDB6AC34074
S31508007A7003F0010300200B7070470648704706485C
S31508007A8070470648704700BF0D170020581400209D
S31508007A9000000450028000F0018000F0078000F02A
S31508007AA00B4A10B512780C4662B107280CD859B1A2
S31508007AB0084A02EB00131B7B43B1FBF7A9FE2070B3
S31508007AC0002010BD0448FCE70448FAE70448F8E734
S31508007AD00D17002058140020028000F0018000F0E5
S31508007AE0078000F00B4A10B512780C4662B10728D9
S31508007AF00CD859B1084A02EB00131B7B43B1FBF7BC
S31508007B00A9FE2060002010BD0448FCE70448FAE7F7
S31508007B100448F8E70D17002058140020028000F0EA
S31508007B20018000F0078000F010B5044620B94FF434
S31508007B30D8711048FFF7D0F82378C3B1013BDBB200
S31508007B40022B06D80C4A32F813306278D340DB078A
S31508007B5004D440F2B3110748FFF7BEF80122637850
S31508007B6021789A4030235943044B5A5010BDFF23BD
S31508007B70EBE700BFE7880008028A000840D00350F8
S31508007B80034B5A68D20702D5DA69002AF9D1704739
S31508007B9000C00A5038B9064B5A68D20702D59A6D02
S31508007BA0002AF9D170473A210248FFF795B800BF75
S31508007BB000C00A50288B000810B9044B5964704756
S31508007BC040F2A9110248FFF787B800BF00D00A5053
S31508007BD0288B000810B9044B5964704740F2DF112E
S31508007BE00248FFF779B800BF00E00A50288B000862
S31508007BF010B9044B1964704740F215210248FFF783
S31508007C006BB800BF00E00A50288B000808B510B909
S31508007C10044B186C08BD044840F24A21FFF75CF88B
S31508007C200020F7E700C00A50288B000838B504463C
S31508007C300D46FFF7AFFF14B91DB1012D04D0002082
S31508007C4001E0034BD86C38BD014B186DFBE700BF4C
S31508007C5000C00A5070B506460D461446FFF79AFF4F
S31508007C6016B915B1012D03D070BD034BDC64FBE7D3
S31508007C70014B1C65F8E700BF00C00A5070B50D46F9
S31508007C8008B3036813F4E07F03F03F06C3F38212D8
S31508007C9012D0012A12D0022A15D10C4C9B0603D504
S31508007CA091210B48FFF718F855B104F580540123C4
S31508007CB00020B340236070BD064CEFE7064CEDE7A5
S31508007CC004F50054F3E70E20F5E700BF6C8000507A
S31508007CD0DE870008648000506880005030B50E4C7E
S31508007CE0416123688BB9206083600DE0891A9A6820
S31508007CF01D4641616AB113465A698A42F6D935B1B9
S31508007D00A860521A83605A6130BD0025F4E72060E6
S31508007D10F7E798608260F7E7E41400200D490B68DE
S31508007D20A0B10022A3B1834203D1836822B90B60B4
S31508007D3003E01A469B68F5E7936083680BB9002051
S31508007D4070475A6941690A445A61F8E72220704720
S31508007D5002207047E414002038B500F083F90025A6
S31508007D60084B094C1A682368C31A2AB123B151690A
S31508007D70994203D3C91A5161206038BD55615B1A0F
S31508007D809268F2E7E4140020E014002038B5154D97
S31508007D902B682BB35B69A3B1134A022014681C44F1
S31508007DA000F084FA204600F071F900230F492A688A
S31508007DB00B7022B1D08880070AD501230B700020EA
S31508007DC038BD022000F072FA022000F0A9F9ECE7AB
S31508007DD09268002AF3D050690344012BEAD9EEE7EA
S31508007DE02220EDE7E4140020E014002013170020F9
S31508007DF070B516469DF81420C0E903360271049A38
S31508007E00BDF818300260002204460D468260C38021
S31508007E10EEB900F027F92844A0619DB12E4600F07E
S31508007E2092F90546FFF798FF31462046FFF756FFB9
S31508007E30104B1B68A34201D1FFF7A8FF284600F0A4
S31508007E407DF902E0E36865617BB9002070BD00F04A
S31508007E5009F93044A061002DE0D1E3686561002B83
S31508007E60DDD0204621689847D9E7204621689847FB
S31508007E70EBE700BFE414002038B50C460546A8B168
S31508007E80A1B100230B7000F067F90121084B1B68AC
S31508007E9033B900F05CF9002038BD9D4204D1217049
S31508007EA02278002AF9D0F4E79B68F1E72220F3E765
S31508007EB0E414002038B50021044640F2E730054BAB
S31508007EC04FF47A721D680023E5FB0401FEF776FA83
S31508007ED038BD00BFE81400200F4B10B51A689AB1D8
S31508007EE04FF47A71531E1342A0FB01010ED1B2FA68
S31508007EF082F2C2F11F04531CD243E04001FA03F395
S31508007F00184321FA02F20243104610BD0023FEF779
S31508007F1055FA0246F8E700BFE8140020C2072DE923
S31508007F20F843044607D54B4A136801331360FFF735
S31508007F3013FFFFF72BFFA30740F18A8000F00CF927
S31508007F404FF0000805464646FFF706FF424F3C68D5
S31508007F500CB16369A3B10022404B012E1A7003D1FC
S31508007F6018F0020F18BF1E70FFF710FF222802D163
S31508007F70022000F0C3F82846BDE8F84300F0E7B849
S31508007F8023465A693AB91A792179914288BF1C461B
S31508007F909B68002BF5D1284600F0D9F82569DDB194
S31508007FA000F060F8A269A0EB02084FEAE873A8455A
S31508007FB073F1000311DB23691344A361E36813B16A
S31508007FC0204621689847B4F8068000F0C5F80136BF
S31508007FD00546FFF7C1FEBAE7A84600F0BDF8814698
S31508007FE02046FFF79BFE484600F0B1F82369002BB0
S31508007FF0E4D0B5EB08054FEAE87363EB4303012DBC
S3150800800073F1000304DA40F27C611548FEF764FE5A
S31508008010A38B33B1E28B13449BB2B3F57A7F0FD2AD
S31508008020E38300F099F8804629462046FFF756FE76
S31508008030A369226940461344A36100F088F8BDE7A6
S31508008040A3F57A73E383A369013D013BA361E8E7DE
S31508008050BDE8F883EC140020E41400201217002071
S315080080604090000808B5FFF78BFD014B986908BDDD
S3150800807000C00A5007B5044B01A9187900F072F838
S31508008080019803B05DF804FB5C8D0008F8B504465A
S3150800809000F059F80746FFF773FD154B9D6900F088
S315080080A001F906460020FFF7B1FD830704D4731BC8
S315080080B0032B01D8AE420FD10021631B022B98BFB8
S315080080C0EC1C0846B4F1FF3F2CBF2246621EFFF7A0
S315080080D0C1FD022000F0EAF8384600F02FF8054BFB
S315080080E01A7822B10121044A916400221A70F8BD57
S315080080F000C00A50ED17002000D00A50830700F090
S31508008100010106D50123044A41F002011370034A0E
S3150800811093640020FFF75EBDED17002000E00A50CB
S31508008120830742BF0222014B1A64704700D00A50E7
S315080081304FF4004070474FF47A70704710B962B632
S31508008140BFF36F8F7047EFF3108072B6704780F3F6
S315080081501188BFF36F8F7047EFF31180302383F3D5
S315080081601188704709B100F005B82220704701212F
S31508008170FFF784BD70B506460D46FFF7EDFF0446CA
S31508008180202E59D8DFE806F0111A581F222558283C
S315080081902B582E58313458373A3D5840584358557D
S315080081A058465849584C584F5200FFF795FB002639
S315080081B028602046FFF7CBFF304670BD4FF4C070ED
S315080081C0FAF796F9F3E74FF42070F9E74FF44070A1
S315080081D0F6E74FF46070F3E74FF40070F0E74FF4FA
S315080081E08060EDE74FF44060EAE74FF4C060E7E7E8
S315080081F04FF4F060E4E74FF4B060E1E74FF4D06085
S31508008200DEE74FF41060DBE74FF4E060D8E74FF4A1
S31508008210A060D5E74FF41860D2E74FF42860CFE79F
S315080082204FF48070CCE74FF42060C9E74FF44860FC
S31508008230C6E74FF40860C3E700202126B8E7002305
S315080082400B707047F0B51F46002387B00D461646DB
S3150800825004468DF81730A8B1C3610DF11701FFF771
S315080082600BFE9DF817207AB9BDF8343029460293DB
S315080082709DF830302046CDE900733346FFF7B8FD48
S3150800828007B0F0BD2220FBE70320F9E738B5FFF772
S3150800829063FF0546FFF7E6FE04462846FFF757FF45
S315080082A0204638BD00210846FFF7C0BC00F0010192
S315080082B0830748BF41F002010020FFF77DBC38B5AF
S315080082C0FFF74AFF04460020FFF7A0FC830700F0EB
S315080082D0010548BF45F0020500F003010020FFF73D
S315080082E087FC2846FFF71AFE2046BDE83840FFF708
S315080082F02EBF000000000000000000000000000083
S31508008300F8B500BFF8BC08BC9E467047F8B500BF74
S31508008310F8BC08BC9E4670472F686F6D652F687558
S31508008320796E682F53696D706C69636974795374D3
S315080083307564696F2F76365F776F726B73706163DA
S31508008340652F656D7074795F322F656D7074795F0E
S31508008350332F73696D706C69636974795F73646BC5
S315080083605F323032352E31322E332F706C6174669F
S315080083706F726D5F636F6D6D6F6E2F706C61746673
S315080083806F726D2F636F6D6D6F6E2F7372632F73C0
S315080083906C5F736C6973742E63002F686F6D652F3D
S315080083A06875796E682F53696D706C69636974793D
S315080083B053747564696F2F76365F776F726B737057
S315080083C06163652F656D7074795F322F656D7074A2
S315080083D0795F332F73696D706C69636974795F733C
S315080083E0646B5F323032352E31322E332F706C612A
S315080083F074666F726D5F636F72652F706C617466F9
S315080084006F726D2F6472697665722F6770696F2F48
S315080084107372632F736C5F6770696F2E63000F004A
S31508008420FF033F002F686F6D652F6875796E682F9B
S3150800843053696D706C696369747953747564696F8F
S315080084402F76365F776F726B73706163652F656D14
S315080084507074795F322F656D7074795F332F636D31
S31508008460616B655F6763632F2E2E2F73696D706C62
S3150800847069636974795F73646B5F323032352E31A4
S31508008480322E332F706C6174666F726D5F636F7214
S31508008490652F706C6174666F726D2F706572697086
S315080084A0686572616C2F696E632F736C5F68616CA7
S315080084B05F6932632E68000001020000A086010091
S315080084C0DDFB05001F100F002F686F6D652F68759F
S315080084D0796E682F53696D706C6963697479537422
S315080084E07564696F2F76365F776F726B7370616329
S315080084F0652F656D7074795F322F656D7074795F5D
S31508008500332F73696D706C69636974795F73646B13
S315080085105F323032352E31322E332F706C617466ED
S315080085206F726D5F636F72652F706C6174666F72C0
S315080085306D2F6472697665722F69326373706D2F59
S315080085407372632F736C5F69326373706D2E630089
S315080085501E0000032F686F6D652F6875796E682F8A
S3150800856053696D706C696369747953747564696F5E
S315080085702F76365F776F726B73706163652F656DE3
S315080085807074795F322F656D7074795F332F7369F4
S315080085906D706C69636974795F73646B5F323032CE
S315080085A0352E31322E332F706C6174666F726D5FA3
S315080085B0636F72652F706C6174666F726D2F656D6F
S315080085C06C69622F7372632F656D5F636D752E63B9
S315080085D0002F686F6D652F6875796E682F53696D02
S315080085E0706C696369747953747564696F2F76362C
S315080085F05F776F726B73706163652F656D707479E1
S315080086005F322F656D7074795F332F73696D706C87
S3150800861069636974795F73646B5F323032352E3102
S31508008620322E332F706C6174666F726D5F636F7272
S31508008630652F706C6174666F726D2F656D6C6962FB
S315080086402F7372632F656D5F656D752E63002F68D6
S315080086506F6D652F6875796E682F53696D706C69D3
S315080086606369747953747564696F2F76365F776FAB
S31508008670726B73706163652F656D7074795F322FE5
S31508008680656D7074795F332F636D616B655F6763C2
S31508008690632F2E2E2F73696D706C69636974795F09
S315080086A073646B5F323032352E31322E332F706C55
S315080086B06174666F726D5F636F72652F706C61743B
S315080086C0666F726D2F656D6C69622F696E632F65B3
S315080086D06D5F6770696F2E68002F686F6D652F680C
S315080086E075796E682F53696D706C6963697479530F
S315080086F0747564696F2F76365F776F726B73706106
S3150800870063652F656D7074795F322F656D70747946
S315080087105F332F73696D706C69636974795F73640D
S315080087206B5F323032352E31322E332F706C6174D6
S31508008730666F726D5F636F72652F706C6174666FBA
S31508008740726D2F656D6C69622F7372632F656D5F2D
S315080087506770696F2E630000FF000F00FF033F007C
S315080087602F686F6D652F6875796E682F53696D7000
S315080087706C696369747953747564696F2F76365FAB
S31508008780776F726B73706163652F656D7074795F4F
S31508008790322F656D7074795F332F73696D706C69EC
S315080087A0636974795F73646B5F323032352E3132A8
S315080087B02E332F706C6174666F726D5F636F7265AE
S315080087C02F706C6174666F726D2F656D6C69622FA0
S315080087D07372632F656D5F6C646D612E63002F681D
S315080087E06F6D652F6875796E682F53696D706C6942
S315080087F06369747953747564696F2F76365F776F1A
S31508008800726B73706163652F656D7074795F322F53
S31508008810656D7074795F332F636D616B655F676330
S31508008820632F2E2E2F73696D706C69636974795F77
S3150800883073646B5F323032352E31322E332F706CC3
S315080088406174666F726D5F636F72652F706C6174A9
S31508008850666F726D2F656D6C69622F696E632F6521
S315080088606D5F6275732E68002F686F6D652F68756A
S31508008870796E682F53696D706C696369747953747E
S315080088807564696F2F76365F776F726B7370616385
S31508008890652F656D7074795F322F656D7074795FB9
S315080088A0332F73696D706C69636974795F73646B70
S315080088B05F323032352E31322E332F706C6174664A
S315080088C06F726D5F636F72652F706C6174666F721D
S315080088D06D2F656D6C69622F7372632F656D5F7599
S315080088E0736172742E63002F686F6D652F687579D2
S315080088F06E682F53696D706C696369747953747502
S3150800890064696F2F76365F776F726B737061636514
S315080089102F656D7074795F322F656D7074795F336A
S315080089202F636D616B655F6763632F2E2E2F7369E7
S315080089306D706C69636974795F73646B5F3230322A
S31508008940352E31322E332F706C6174666F726D5FFF
S31508008950636F72652F706C6174666F726D2F7065C8
S31508008960726970686572616C2F696E632F736C5FCC
S3150800897068616C5F6770696F2E68002F686F6D6538
S315080089802F6875796E682F53696D706C69636974A1
S315080089907953747564696F2F76365F776F726B7368
S315080089A0706163652F656D7074795F322F656D70C0
S315080089B074795F332F73696D706C69636974795F55
S315080089C073646B5F323032352E31322E332F706C32
S315080089D06174666F726D5F636F72652F706C617418
S315080089E0666F726D2F7065726970686572616C2F3B
S315080089F07372632F736C5F68616C5F6770696F2E43
S31508008A0063000F00FF033F002F686F6D652F6875C1
S31508008A10796E682F53696D706C69636974795374DC
S31508008A207564696F2F76365F776F726B73706163E3
S31508008A30652F656D7074795F322F656D7074795F17
S31508008A40332F73696D706C69636974795F73646BCE
S31508008A505F323032352E31322E332F706C617466A8
S31508008A606F726D5F636F72652F706C6174666F727B
S31508008A706D2F7065726970686572616C2F737263A9
S31508008A802F736C5F68616C5F6932632E6300080937
S31508008A9011082F686F6D652F6875796E682F536991
S31508008AA06D706C696369747953747564696F2F7630
S31508008AB0365F776F726B73706163652F656D70745F
S31508008AC0795F322F656D7074795F332F636D616BD3
S31508008AD0655F6763632F2E2E2F73696D706C6963EC
S31508008AE06974795F73646B5F323032352E31322E9A
S31508008AF0332F706C6174666F726D5F636F72652F6A
S31508008B00706C6174666F726D2F70657269706865D6
S31508008B1072616C2F696E632F736C5F68616C5F732B
S31508008B2079737274632E68002F686F6D652F687588
S31508008B30796E682F53696D706C69636974795374BB
S31508008B407564696F2F76365F776F726B73706163C2
S31508008B50652F656D7074795F322F656D7074795FF6
S31508008B60332F73696D706C69636974795F73646BAD
S31508008B705F323032352E31322E332F706C61746687
S31508008B806F726D5F636F72652F706C6174666F725A
S31508008B906D2F7065726970686572616C2F73726388
S31508008BA02F736C5F68616C5F7379737274635F733C
S31508008BB0756273797374656D2E63002F686F6D65C2
S31508008BC02F6875796E682F53696D706C696369745F
S31508008BD07953747564696F2F76365F776F726B7326
S31508008BE0706163652F656D7074795F322F656D707E
S31508008BF074795F332F73696D706C69636974795F13
S31508008C0073646B5F323032352E31322E332F706CEF
S31508008C106174666F726D5F636F72652F706C6174D5
S31508008C20666F726D2F736572766963652F636C6FF5
S31508008C30636B5F6D616E616765722F7372632F7305
S31508008C406C5F636C6F636B5F6D616E616765725FA6
S31508008C5068616C5F73322E63002F686F6D652F68CD
S31508008C6075796E682F53696D706C69636974795389
S31508008C70747564696F2F76365F776F726B73706180
S31508008C8063652F656D7074795F322F656D707479C1
S31508008C905F332F73696D706C69636974795F736488
S31508008CA06B5F323032352E31322E332F706C617451
S31508008CB0666F726D5F636F72652F706C6174666F35
S31508008CC0726D2F736572766963652F636C6F636B5C
S31508008CD05F6D616E616765722F7372632F736C5F68
S31508008CE0636C6F636B5F6D616E616765725F696EFA
S31508008CF069745F68616C5F73322E63000126000039
S31508008D000400000000000000000100000000000050
S31508008D100B0000000C0000000300000000002020EB
S31508008D2000000000030000003C3C3C00000000007E
S31508008D300000000000000000010310010109030003
S31508008D401E000000160000008A00000089000000CE
S31508008D500F0000000E0000001A00000000C00A50B4
S31508008D6013000000408D000800800B50030000002F
S31508008D70488D0008BC8D0008B88D000800400B50CF
S31508008D80030000004C8D0008C48D0008C08D000843
S31508008D9000000B5003000000508D0008CC8D000821
S31508008DA0C88D00080000005B04000000548D000810
S31508008DB0D48D0008D08D000801001D0000001D009C
S31508008DC001001C0000001C0001000600000006004F
S31508008DD001000500000005002F686F6D652F687596
S31508008DE0796E682F53696D706C6963697479537409
S31508008DF07564696F2F76365F776F726B7370616310
S31508008E00652F656D7074795F322F656D7074795F43
S31508008E10332F73696D706C69636974795F73646BFA
S31508008E205F323032352E31322E332F706C617466D4
S31508008E306F726D5F636F72652F706C6174666F72A7
S31508008E406D2F736572766963652F696E74657272C4
S31508008E507570745F6D616E616765722F7372632FCB
S31508008E60736C5F696E746572727570745F6D616E2E
S31508008E70616765725F636F727465786D2E63002F24
S31508008E80686F6D652F6875796E682F53696D706C9C
S31508008E90696369747953747564696F2F76365F7779
S31508008EA06F726B73706163652F656D7074795F326D
S31508008EB02F656D7074795F332F73696D706C696394
S31508008EC06974795F73646B5F323032352E31322EB6
S31508008ED0332F706C6174666F726D5F636F72652F86
S31508008EE0706C6174666F726D2F73657276696365EF
S31508008EF02F696F73747265616D2F7372632F736C4C
S31508008F005F696F73747265616D5F726574617267AC
S31508008F1065745F737464696F2E63002F686F6D657F
S31508008F202F6875796E682F53696D706C69636974FB
S31508008F307953747564696F2F76365F776F726B73C2
S31508008F40706163652F656D7074795F322F656D701A
S31508008F5074795F332F73696D706C69636974795FAF
S31508008F6073646B5F323032352E31322E332F706C8C
S31508008F706174666F726D5F636F72652F706C617472
S31508008F80666F726D2F736572766963652F696F7385
S31508008F90747265616D2F7372632F736C5F696F737B
S31508008FA0747265616D5F756172742E63002F686FE8
S31508008FB06D652F6875796E682F53696D706C696376
S31508008FC069747953747564696F2F76365F776F7233
S31508008FD06B73706163652F656D7074795F322F6589
S31508008FE06D7074795F332F73696D706C696369741A
S31508008FF0795F73646B5F323032352E31322E332F00
S31508009000706C6174666F726D5F636F72652F706CDA
S315080090106174666F726D2F736572766963652F6901
S315080090206F73747265616D2F7372632F736C5F69EA
S315080090306F73747265616D5F75736172742E630008
S315080090402F686F6D652F6875796E682F53696D7017
S315080090506C696369747953747564696F2F76365FC2
S31508009060776F726B73706163652F656D7074795F66
S31508009070322F656D7074795F332F73696D706C6903
S31508009080636974795F73646B5F323032352E3132BF
S315080090902E332F706C6174666F726D5F636F7265C5
S315080090A02F706C6174666F726D2F73657276696363
S315080090B0652F736C65657074696D65722F7372635D
S315080090C02F736C5F736C65657074696D65722E635A
S315080090D0002F686F6D652F6875796E682F53696DF7
S315080090E0706C696369747953747564696F2F763621
S315080090F05F776F726B73706163652F656D707479D6
S315080091005F322F656D7074795F332F73696D706C7C
S3150800911069636974795F73646B5F323032352E31F7
S31508009120322E332F706C6174666F726D5F636F7267
S31508009130652F706C6174666F726D2F7365727669D0
S3150800914063652F7564656C61792F7372632F736C11
S315080091505F7564656C61792E6300666E692B0066BF
S315080091606E69006E616E00666E692D000000000073
S31508009170000000000000F03F00000000000024404E
S3150800918000000000000059400000000000408F4029
S31508009190000000000088C34000000000006AF84094
S315080091A00000000080842E4100000000D0126341B8
S315080091B00000000084D797410000000065CDCD412E
S315080091C048454C4C4F0D0A000D0A4B686F692064E0
S315080091D06F6E672078473236202B204D4158333042
S315080091E03130322056322E302E2E2E0D0A004B6884
S315080091F06F6E672074696D2074686179204D4158D7
S315080092003330313032210D0A004B69656D20747296
S31508009210613A203356332C20474E442C2053444180
S315080092202C2053434C0D0A004B6574206E6F692041
S315080092304D41583330313032207468616E6820638E
S315080092406F6E67210D0A004261742064617520649F
S315080092506F2E2E2E0D0A0044617420646175206EEF
S31508009260676F6E20746179206C656E206D6174205D
S3150800927063616D206269656E2E0D0A002D2D2D2DF8
S315080092802D2D2D2D2D2D2D2D2D2D2D2D2D2D2D2D00
S315080092902D2D2D2D2D2D2D2D2D2D2D2D0D0A003D50
S315080092A03D3D3D3D204B45542051554120444F20DE
S315080092B03D3D3D3D3D0D0A004E6869702074696D5F
S315080092C03A2025642042504D0D0A004E68697020E8
S315080092D074696D3A204368756120636F2064752050
S315080092E06C6965750D0A0053704F323A2025642063
S315080092F025250D0A0053704F323A204368756120C0
S31508009300636F206475206C6965750D0A003D3D3DE7
S315080093103D3D3D3D3D3D3D3D3D3D3D3D3D3D3D3D6F
S315080093203D3D3D0D0A0D0A002F686F6D652F687566
S31508009330796E682F53696D706C69636974795374B3
S315080093407564696F2F76365F776F726B73706163BA
S31508009350652F656D7074795F322F656D7074795FEE
S31508009360332F6175746F67656E2F736C5F696F73E2
S31508009370747265616D5F696E69745F757361727425
S315080093805F696E7374616E6365732E630076636FCF
S315080093906D000000050000000000000000C201008A
S315080093A0000500000010000000000000000000009A
S30D080093B02C75FF7F0100000087
S311080093B8C493000838170020300000009D
S315080093C4C0EA2101C0EA210100800000C017530247
S315080093D4F81700200000005B0205020700000000E1
S315080093E4A0860100000000000000005B681700204A
S315080093F4A81500208D93000802000000955900085E
S31508009404000000000000000000000000000000004A
S315080094140E0000009017002000000000C41500206C
S315080094242C160020941600200000000000000000FE
S31508009434000000000000000000000000000000001A
S31508009444000000000000000000000000000000000A
S3150800945400000000000000000000000000000000FA
S31508009464000000000000000003000000C4150020EE
S31508009474FFFFFFFF28010000B9080008910800084B
S7050800099554
