:020000040800F2
:100000000010002095090008BD6C0008BD6C0008B8
:10001000BD6C0008BD6C0008BD6C0008BD6C00081C
:10002000BD6C0008BD6C0008BD6C0008BD6C00080C
:10003000BD6C0008BD6C0008BD6C0008BD6C0008FC
:10004000BD6C0008BD6C0008BD6C0008BD6C0008EC
:10005000BD6C0008BD6C0008BD6C0008BD6C0008DC
:10006000BD6C0008BD6C0008BD6C0008BD6C0008CC
:10007000BD6C0008BD6C0008755A000821760008A8
:10008000BD6C0008BD6C0008BD6C0008BD6C0008AC
:10009000BD6C0008BD6C0008BD6C0008BD6C00089C
:1000A000BD6C0008BD6C0008BD6C0008BD6C00088C
:1000B000BD6C0008BD6C0008BD6C0008BD6C00087C
:1000C000BD6C0008BD6C0008BD6C0008CD1C0008AC
:1000D000BD6C0008BD6C0008BD6C0008010D000877
:1000E000E10C0008456F00084B6F0008516F0008D5
:1000F000BD6C0008BD6C0008BD6C0008BD6C00083C
:10010000BD6C0008BD6C0008BD6C0008BD6C00082B
:10011000BD6C0008BD6C0008BD6C0008BD6C00081B
:10012000BD6C0008BD6C0008BD6C0008BD6C00080B
:10013000BD6C0008BD6C0008BD6C0008BD6C0008FB
:10014000BD6C0008BD6C0008BD6C0008BD6C0008EB
:10015000BD6C0008BD6C0008BD6C0008BD6C0008DB
:10016000BD6C0008BD6C0008BD6C0008BD6C0008CB
:10017000BD6C0008BD6C0008BD6C0008BD6C0008BB
:10018000BD6C0008BD6C0008BD6C0008BF82000893
:10019000BD6C0008BD6C0008BD6C0008BD6C00089B
:1001A000BD6C0008BD6C0008BD6C0008BD6C00088B
:0401B000BD6C00081A
:1001C000013800D0FCE770472DE9F04F93B0CDE93E
:1001D0000A32DDE91C530E9353EC102BCDE90801D4
:1001E000104619468DED060B1E9E06F06DF880B187
:1001F000DDE906014FF0FF32C54B06F08DF840B93E
:10020000DDE906014FF0FF326FF4801306F066F867
:1002100070B1DDE908019DED060B0E9B1E96CDE940
:100220001C53DDE90A3213B0BDE8F04F00F088B985
:100230000022DDE90601002306F050F8002800F056
:100240003381DDE906A303F1004BCBF30A5016F42A
:100250008063A0F2FF3008BF06250F9305F062FD12
:100260009BA3D3E9002305F0C7FD9BA3D3E900239B
:1002700005F00CFCCBF31304894644F07F51804613
:100280000022A44B504641F4401105F0FDFB94A31D
:10029000D3E9002305F0B0FD02460B46404649462F
:1002A00005F0F4FB06F042F8044605F03BFD8EA392
:1002B000D3E900238046894605F09EFD0022964B37
:1002C00005F0E4FB06F032F889A3D3E900230746E2
:1002D0004946404605F090FD80463846894605F07F
:1002E00021FD85A3D3E9002305F086FD02460B46D8
:1002F0004046494605F0C8FB02460B46CDE90C23B3
:1003000005F07AFDDDE90C23804689461046194642
:1003100005F0BCFB0022CDE91001804B4046494668
:1003200005F094FE00227E4B05F0B0FB02460B4622
:100330004046494605F08AFE00227A4B05F0A6FBAE
:1003400002460B464046494605F080FEDDE90C2397
:100350008046894600204FF0804105F095FB02461B
:100360000B464046494605F091FB02460B46DDE947
:10037000100105F06BFE07F2FF3700226A4B05F013
:1003800085FB00223B0505F037FD52465B46804663
:10039000894605F0C1FF002840F08980CDE90C892D
:1003A00004F16303C72B34BF0427052731051BD590
:1003B00053A3D3E900235046594605F0A3FF002874
:1003C0007FD051A3D3E900235046594605F086FF5C
:1003D000002876D00027A542C6BF2C1B04F1FF35AC
:1003E00000253C4646F480660E9B9F422CBF4FF092
:1003F0000008A3EB070816F0020903D0002F18BF6E
:100400004FF000083CB1DDE90C235046594605F099
:100410001DFE82468B46DDE906010022002305F021
:100420005DFF10B10BF100439B46DDE9080126F4A6
:100430000063CDE90183DDE90A324BEC10AB009596
:1004400000F07EF802465FB3DDE9091316F0200FD5
:1004500000F10105089E0CBF65204520B047DDE98D
:1004600008010523002205930A23002CCDE902325E
:1004700007F1FF374FEAD473B8BF64422A460193AD
:1004800004970A9B009407F008F80246B9F1000FA0
:1004900006D00B9BC41A0B9B1A190E9BA34245D87E
:1004A000104613B0BDE8F08FDDE906ABCDE60022C3
:1004B000404649461A4B05F0C9FD013CCDE90C0107
:1004C0006EE7002D90D00F9B002B8DD0013D8BE768
:1004D000FB799F501344D33FB3C8608B288AC63F33
:1004E00061436F63A787D23F71A379094F930A4095
:1004F0001655B5BBB16B0240EF39FAFE422EE63F0E
:100500002D431CEBE2361A3F0000000080842E4190
:10051000FFFFEF7F0000F83F0000E03F00002C40AD
:1005200000002440000018400000F03F2020DDE9DA
:100530000913089DA8470134ADE700BF0000000083
:100540002DE9F04F5BEC10AB97B0CDE90501DDE98B
:100550002057CDE90723504652465B465946229E16
:1005600005F0B2FE70B90323CDE902760193B04BDA
:100570000093DDE90501DDE9072306F0AEFE17B0C3
:10058000BDE8F08F4FF0FF326FF4801350465946AC
:1005900005F0A4FE28B10423CDE902760193A54B12
:1005A000E6E74FF0FF3250465946A34B05F0B4FE44
:1005B00068B1A24A06F00403002B08BF0322A04B37
:1005C0001CBF13460422CDE902760192D0E75046C3
:1005D00093A3D3E90023594605F09EFE38B992A3B0
:1005E000D3E900235046594605F078FE68B1DDE9AD
:1005F0000723DDE905014BEC10ABCDE92176209511
:1006000017B0BDE8F04FFFF7DFBD002200235046D2
:10061000594605F063FE002800F09A805B4652467A
:100620000020002105F030FA012382468B46099311
:1006300016F4806400F08E80092D40F28E80002434
:1006400030210EABA5F109020134202C03F8011B67
:10065000A5EB040901D09442F6D15946504605F065
:1006600065FE784B054603EBC90393ED007B8DEDEA
:100670000A7B05F057FB02460B465046594605F0EB
:1006800003FADDE90A2305F0B7FB02460B46CDE984
:100690000C2305F073FE804605F034FB02460B4642
:1006A000DDE90C0105F0F0F902460B46CDE90C231B
:1006B0000022654B05F030FE002851D008F10108FA
:1006C000404605F01FFB02460B46DDE90A0105F036
:1006D0000FFE10B14FF000080135B9F1000F50D1F5
:1006E000284605F01FFB02460B465046594605F0CA
:1006F000CBF90022544B8046894605F0EFFD30B11E
:10070000002240464946504B05F006FE10B1E8076E
:1007100000D501350A210EAB1A19202C0AD095FB01
:10072000F1F001FB1055303502F8015B013405464C
:100730000028F2D106F00302012A57D1002F55D02C
:10074000099A12B916F00C0F00D0013F302245E093
:1007500009906DE74FF006097FE7A94600247CE782
:100760000022DDE90C01384B05F0B8FD0028B4D1BA
:10077000B8F1000F02D018F0010FAED008F1010857
:10078000ABE70A210EAB2344202C0ED0B8FBF1F0CE
:1007900001FB1082B8F1090F02F1300209F1FF39B3
:1007A00004F1010403F8012B11D83021A1440EAA51
:1007B000202CAFD0A14504F101030AD11C4609F158
:1007C00058030DEB03092E2309F8203CA2E78046CD
:1007D000DAE7A1541C46EBE71A550134A74205D9C4
:1007E000202CF9D1CDE902760194C1E6202CF9D074
:1007F000099A3AB12D2104F158026A4402F8201CEA
:100800000134EFE7710704D504F158022B216A4443
:10081000F4E73207E6D504F1580220216A44EDE7F7
:100820000000000065CDCD410000000065CDCDC1C8
:100830006391000867910008FFFFEF7F5A9100085D
:100840005F910008709100080000E03F0348044BEE
:10085000834202D0034B03B118477047F8170020BA
:10086000F817002000000000064B0749C91A89103C
:1008700048BF0131491003D0044B0BB10148184760
:10088000704700BFF8170020F81700200000000094
:1008900010B5064C237843B9FFF7D8FF044B13B1CA
:1008A0000448AFF300800123237010BD0C17002013
:1008B00000000000B093000808B5054B1BB10549C6
:1008C0000548AFF30080BDE80840FFF7CDBF00BF8B
:1008D0000000000000100020B0930008A3F5803A4B
:1008E000704700BF174B002B08BF134B9D46FFF707
:1008F000F5FF00218B460F461348144A121A06F0E2
:1009000009FF0E4B002B00D098470D4B002B00D059
:1009100098470020002104000D000D48002802D057
:100920000C48AFF3008005F0EBFE2000290006F034
:1009300079FE05F0D3FE00BF0000080000000000B3
:1009400000000000001000200010002038170020D8
:10095000000000000000000008B5034807F007FC95
:10096000BDE8084006F033BE588D0008014807F086
:10097000FEBB00BF588D00080348044A0449121A00
:10098000921006F09CB900BFB4010008B401000841
:100990003817002008B5154B83F30A8800F030F8AB
:1009A000FFF7EAFF124B13498B4212D30020124B80
:1009B00012498B4218D3FFF795FF186850F8224070
:1009C000586840F82240013298688242F5D30C33CF
:1009D000EAE70022F8E71C6844F8220001325C686C
:1009E000A242F8D30833E4E70022F8E70000002031
:1009F000B8930008C4930008C4930008C493000887
:100A00004FF48041144B154A70B59A60D3F8882092
:100A1000134D42F47002C3F88820124A05F50054C1
:100A200091664FF0FF3222666FF4003262660D224B
:100A3000A2660222C3F8D020BFF34F8FBFF36F8F9F
:100A40004FF44036002003F083FD0020E66003F001
:100A50004DFD2E6170BD00BF00ED00E000000008FC
:100A60000080004400900050014B1860704700BFA8
:100A70003C170020054B1860054B1B6F03F0070364
:100A8000032B01D106F048BF704700BF4417002078
:100A90000080005038B504460D4601B118B9452113
:100AA000044806F019F9236813B92B60256038BD96
:100AB0001C46F8E71883000810B5044618B95621FB
:100AC000044806F009F9206818B103682360002380
:100AD000036010BD18830008002307B5294801935F
:100AE00007F045FB4FF44073012204216846ADF83E
:100AF000003000F0BFF80122234B0520C3F8442446
:100B000001A907F02FFB002839D1204BD3F8F020A2
:100B100042F00102C3F8F020D3F8FC2042F08072CA
:100B2000C3F8FC201A4AA3F55D431A60019B194AD9
:100B300003F5D52303F2FC43B3FBF2F3164A013B62
:100B400013610223C2F8F0304FF48073C2F804330B
:100B50004FF06043114AC3F8B02F114AC3F8802EFA
:100B6000D3F8002E42F48072C3F8002EFF2283F8DF
:100B70002020D3F8002E22F48072C3F8002E03B098
:100B80005DF804FB588D000800D0035000ED00E034
:100B9000FF030040F8590D00000004E055CEACC53D
:100BA000090001004FF06043D3F8802E30B5D20722
:100BB00015D501240B4D8440D5F8FC2042F08072FD
:100BC000C5F8FC20D3F8002E2243C3F8002E53F8BA
:100BD0002020002AF0D003F82010002030BD112082
:100BE000FCE700BF00ED00E0F8B504460127124D18
:100BF0000CB314F001000BD0002024F0010405EB2D
:100C0000C0021668002EF3D05168C0B2B047EFE7BB
:100C10002246013020284FEA520201D0D307F8D5EE
:100C200007FA00F20F2824EA0204E8D9421E05EB75
:100C3000C2021038E5E7F8BD1810002008B50C48CE
:100C400007F095FA272003F06BFC28B1272003F06A
:100C50007FFC272003F04AFC282003F061FC28B128
:100C6000282003F075FC282003F040FC002008BD7C
:100C7000588D0008F8B50D461646044628B91648A2
:100C8000892106F029F82220F8BD0F2903D98C21EB
:100C9000114806F021F82378DBB1013BDBB2022BCF
:100CA00006D80E4A32F813306278D340DB0703D4FB
:100CB0008D21094806F010F807F04EFA0746324633
:100CC0002946204602F0A4FF384607F040FA0020EB
:100CD000DAE7FF23E8E700BF9A8300081E840008D4
:100CE00008B502F08BFF054B00F0553020F0A04016
:100CF000C3F82004BDE80840FFF776BF00E00350CA
:100D000008B502F07BFF054B00F0AA3020F0204030
:100D1000C3F82004BDE80840FFF766BF00E00350B9
:100D200038B5036805461C68B4F1B64F23D0164B9E
:100D30009C4222D003F580439C4220D003F580439F
:100D40009C4220D12C2003F0B3FB204606F064F92E
:100D500020460E4903F040F82B7993B995F87E3080
:100D6000002B14BF4FF4FC614FF4F8612046BDE83E
:100D7000384002F0F5BF2920E5E72A20E3E72B20E1
:100D8000E1E70349F2E738BD00000B50FFFF1F0009
:100D9000E4060100B0F1B64F10B504460FD00B4B7E
:100DA00098420CD003F58043984208D003F5804365
:100DB000984204D040F25911054805F08DFF636850
:100DC000DB0744BF0823E36010BD00BF00000B50E9
:100DD00024840008B0F1B64F10B504460FD00B4B79
:100DE00098420CD003F58043984208D003F5804325
:100DF000984204D040F22911054805F06DFF636860
:100E0000DB0744BF0423E36010BD00BF00000B50AC
:100E1000248400082DE9F74F9A460368C7881D68A7
:100E200002237E007F2F80F87C300446B3B28846D0
:100E300091464FF0000B06F0FE061BD91B0A03F08B
:100E40000603B34643F0F00605F0B4FF00900D9B97
:100E5000BBB105F0AFFF009BC01A0D9B984210D3A9
:100E60002023EB600B23072284F87D30104603B06B
:100E7000BDE8F08F90F87E30012B08BF46F00106E8
:100E8000E2E7284602F0C6FF10F4C062034617D01E
:100E90006A490090284602F09FFF2022009BEA60EA
:100EA00099054FF000024CBF0423052384F87C20F1
:100EB00047BF84F87D3031222F2284F87D30D5E77A
:100EC00094F87C1002390B2900F2AE80DFE801F0C3
:100ED000061133ACAC3D47AC4E607598284603F024
:100EE000CFF83146284602F0B3FF0323A4F87C3044
:100EF000ADE75A0613D54021284602F06DFF7F2F3B
:100F000007D95946284602F0A3FF042384F87C3011
:100F10009DE794F87E30012B40D10C23F6E71806AC
:100F200095D58021284602F057FF284603F0CAF8DD
:100F300040F20D23DAE75906F1D54021284602F0A8
:100F40004BFF94F87E30012B28D1284603F098F807
:100F5000284646F0010102F07BFF0823D6E75A0637
:100F6000DDD54021284602F037FFD6E7636F4B45B9
:100F700008D25A1C626718F80310284602F068FF6E
:100F80000B23C3E794F87E30022B31D10723BDE752
:100F9000580605D54021284602F01EFF0A23B5E772
:100FA00019067FF554AF8021284602F015FF284628
:100FB00003F088F840F20D3398E79A067FF547AFC3
:100FC0002021284602F008FFA36F0C9A934208D212
:100FD0005A1C2846A267019302F056FF019B0AF8AB
:100FE0000300A36F0C9A2846934206D1FFF7D2FE66
:100FF000284603F067F80D2388E7FFF7EBFE26E7A6
:10100000DB057FF524AF4FF480712846009202F093
:10101000E3FE94F87D30022B0CD0032B0CD001237F
:10102000009A84F87D3021E74FF400630122A4F890
:101030007C301BE72D2219E7062217E7FFFF1F0070
:1010400073B5054600284FD003681C68B4F1B64F4D
:1010500008D0284A24F48041914203D002F500428E
:10106000944243D1187901A907F07CF8064600287C
:101070003ED1204602F0AAFF20461F4902F0ACFEF6
:1010800020461D4902F08AFE2046297902F0D6FF4B
:101090002B794BB96A791949194B20469B5C51F859
:1010A0002220019902F00EFF204602F019FEB4F151
:1010B000B64F13D00F4B9C4212D003F580439C4295
:1010C00010D003F580439C4214BF4FF0FF3403243B
:1010D0000C4B43F82450304602B070BD0024F7E7B3
:1010E0000124F5E70224F3E72226F4E70F26F2E7CE
:1010F0000126F0E700000B50FFFF1F00BC84000832
:10110000B7840008081100202DE9F8430C46054675
:10111000002800F09080002900F08D800B681B688B
:10112000B3F1B64F1ED0474A93421DD002F580421C
:1011300093421BD002F5804293427ED1032623794D
:10114000012B7CD86379022B79D807F005F83E4B48
:10115000074653F826305BB106F0F9FF122420460B
:10116000BDE8F8830026EAE70126E8E70226E6E77D
:10117000A04658F8063B986806F0F9FF334806F099
:10118000F6FF01220A21404602F042FD01220A2117
:1011900004F1080002F03CFD237983B94FF00A09FD
:1011A000404602F0FFFC642004F020F8404606F0C0
:1011B000BBFC642004F01AF8B9F10109F0D1032353
:1011C000234A02EB0611C1F82835E079A37953369A
:1011D00043EA0043C1F82C35617A237A360143EAA9
:1011E0000143935123682B6023792B7163796B71D1
:1011F000E3882B8123896B8100F0CEFC002105F16F
:101200000C0000F051FC014620B1384606F09FFF6B
:101210001924A4E705F1100000F046FC044618B1BB
:10122000E86800F093FCF0E72846FFF709FF38462E
:1012300006F08DFF93E7222491E70F248FE7212406
:101240008DE700BF00000B5008110020588D0008EA
:1012500000C00350F8B5036804461D68284602F034
:10126000D9FD4706064633D54021284602F0B4FD95
:1012700094F87C30042B13D0082B25D0032B0CD1F1
:10128000E3887E2B0AD8002384F87D3094F87E30E2
:10129000012B02D00B2384F87C30F8BD0423FAE73D
:1012A00094F87E30012B03D00B23A4F87C30F4E7B4
:1012B000284602F0E5FE94F87F10284641F001012F
:1012C00002F0C6FD0823E6E7002384F87D30E4E75A
:1012D000300713D52846082102F07EFD0821284654
:1012E00002F05CFD284602F0CBFE94F87F10284601
:1012F000BDE8F84041F0010102F0AABD16F08007F8
:101300001BD08021284602F067FD94F87C30082B22
:1013100003D006D8033B012B05D80A2384F87D307F
:1013200001E00B2B07D00E2384F87C302846BDE863
:10133000F84002F0C7BE0323F0E7F10511D52846B7
:10134000144902F049FD2846124902F027FD2046C3
:1013500005F037FDAF6094F87D30002B9DD101235F
:10136000B3E716F4C06F98D028460A4902F034FD5E
:101370002846084902F012FD204605F022FD2023F0
:10138000B205EB6001D504239FE7730585D50523DE
:101390009BE700BFFFFF1F00F8B5036805461C6808
:1013A000204602F037FD10F00407064630D02046F4
:1013B000FFF710FD20464A4902F00EFD204649493C
:1013C00002F0CEFC95F87C30052B02D0092B17D00B
:1013D000F8BDEB887E2B0BD8002385F87D3095F87F
:1013E0007E30012BF4D1042304F58054A360EFE791
:1013F0002021204602F0B4FC062385F87C30E7E784
:101400000421204602F0CAFC002385F87D30DFE786
:10141000B0062ED52021204602F0DEFC20212046F9
:1014200002F0BCFC95F87C30062B1AD1EB8895F8BD
:1014300080205B00DBB2934220460ED1FFF7CAFC4E
:1014400095F87E30012B06D1042304F58054A36067
:1014500085F87D70BCE70923CFE7FFF79BFC0A23E3
:10146000D3E7204605F0D8FD2046BDE8F840FFF759
:1014700091BC16F0800705D02046BDE8F8408021D9
:1014800002F08CBCF10311D52046174902F086FC0E
:101490002046154902F0A0FC284605F092FCA76002
:1014A00095F87D30002B93D10123AEE716F4C06F81
:1014B0008ED020460C4902F071FC20460A4902F009
:1014C0008BFC284605F07DFC2023B205E36001D5A6
:1014D00004239AE773057FF57BAF052395E700BFEB
:1014E0002400010080000100FFFF1F0010B5154B14
:1014F00053F820402379204673B9FFF7ABFE94F8E8
:101500007D1001290BD1D4F88430CBB12046D4F81A
:101510008C10BDE810401847FFF73EFFEFE779B1A8
:1015200094F87C300E2B0BD10F2384F87C30D4F848
:1015300088302BB12046D4F88C20BDE810401847E5
:1015400010BD00BF081100202DE9F74F0D46904651
:1015500099460446002800F0D480002A00F0D1808B
:101560000C9B002B00F0CD800679002E40F0CC8043
:10157000B9F1000F00F0CB800D9B002B00F0C7806D
:101580007F2900F2C48006F0E7FDE5800090C4E901
:101590001D66204684F87E60FFF7C2FB2368E7885B
:1015A0001D6802237F0084F87C30FBB2019305F0B4
:1015B00001FC83460E9BA3B105F0FCFB0E9BA0EB48
:1015C0000B0083420DD82023EB600B234FF0070A5A
:1015D00084F87D30009806F0BAFD504603B0BDE8AF
:1015E000F08F284602F016FC10F4C06A074616D0A9
:1015F0002846484902F0F0FB2023EB600023BA059F
:1016000084F87C304BBF042305234FF0310A4FF0A0
:101610002F0A4CBF84F87D3084F87D30DAE794F8E7
:101620007C1002390B295FD8DFE801F006115E5EFD
:101630005E5E5E5E253E5E4C284602F021FD284639
:10164000019902F005FC0323A4F87C30B2E77B0685
:1016500005D54021284602F0BFFB0A2316E03806D4
:10166000A8D58021284602F0B7FB284602F02AFDC3
:1016700040F20D23E8E7636F4B450AD25A1C6267BC
:1016800018F80310284602F0E3FB0B2384F87C30A3
:1016900090E726B9DDE90C89666701268AE72846C6
:1016A00002F010FD0D23F1E77906D2D43A0681D578
:1016B0008021284602F090FB284602F003FD40F20C
:1016C0000D33C1E7FB057FF575AF4FF480712846F8
:1016D00002F082FB94F87D20022A0CD0032A0DD060
:1016E000012284F87D2075E74FF400634FF0010A72
:1016F000A4F87C306EE74FF02D0A6BE74FF0060A36
:1017000068E74FF0220A68E74FF0240A65E74FF0D8
:10171000210A62E7FFFF1F001FB5044618B95421D4
:10172000324805F0D9FA2368B3F1B64F30D0304AC9
:1017300093422FD002F5804293422DD002F5804291
:1017400093422BD05821294805F0C6FA4FF0FF33B9
:101750009022284802FB03002368B3F1B64F1FD044
:10176000234A93423BD002F58042934239D002F59E
:101770008042934237D040F201111C4805F0ACFA88
:10178000002363210193194805F0A6FA04B010BDA7
:101790000023DDE70123DBE70223D9E70323D7E7B3
:1017A000154B01930023E26814498DF808308A42F2
:1017B00004D9134B9A428CBF022301238DF80930C0
:1017C000A38801A9ADF80A30E388ADF80C30FFF723
:1017D0009BFC1228DAD00028D8D07621D3E7094B19
:1017E000DFE7094BDDE7094BDBE700BFC8840008F2
:1017F00000000B5018110020A48D0008A0860100E5
:10180000801A0600908D00087C8D0008688D000805
:1018100030B50A4685B000B119B96FF0030005B0C4
:1018200030BDB0F1B64F2BD03D4B98422AD003F5D6
:101830008043984228D003F580439842EDD103239A
:1018400090214B4337495818CB58002BE5D053888B
:101850001188013B4908072BDFD801A454F823F075
:101860008D180008B31800081B180008C7180008D6
:101870001B1800081B1800081B180008E7180008B0
:101880000023DDE70123DBE70223D9E71389002BDF
:10189000C3D0254CC9B20094526805F0B3FA2D2884
:1018A00038D030D8062835D0072836D00028B6D012
:1018B000B3E71389002BB0D01B4CC9B20094526817
:1018C00005F0D0FAEBE71389002BA6D0148A002C80
:1018D000A3D0154DC9B2CDE90145D4680094526832
:1018E00005F0F4FADBE71389002B96D0148A002C5C
:1018F00093D00D4DC9B2CDE90145D468009452682A
:10190000FFF722FECBE72F2807D0312885D16FF0D3
:10191000020084E74FF0FF3081E76FF001007EE7BF
:1019200000000B5018110020E09304002DE9F04F47
:101930009A46564B85B01B7806460F461546DDF88D
:101940003C909DF844B0DDF85080002B00F097806B
:10195000072A00F296800E9B002B00F09280B9F1CE
:10196000000F00F08E80129BB3F5006F00F38980AA
:10197000012803D1109B002B00F08380444B03EB24
:1019800005131B7B002B7ED0424C102200216846A1
:1019900005F0C0FE04EB45141022A7BB39462046D3
:1019A00005F0B8FE43F210036380BBF1000F03D1D2
:1019B000E37843F00303E370364A0E9B02EB451CC9
:1019C000CCE90193129B6901581E9DF84C30C0F37D
:1019D0000A0003F003039B0643EA001E53582E48F7
:1019E000012E00EA03004EEA0003CDF800A0535098
:1019F00017D0B8F1000F2ED19CF8023068F3041311
:101A00008CF8023027E00021204605F083FE4FF4D9
:101A100044736380BBF1000FCED1E37843F0300311
:101A2000C9E713230CF1100ECCF80C309CE80F0022
:101A30008EE80F006FF00301DCF81C20109B61F3AF
:101A40009F02012FCCF81C20CCF8143003D1CCF825
:101A50001890CCF8043000270D4A290102EB051339
:101A600042F80180159A28465A60694622469F60CE
:101A70005E7301F035FE384605B0BDE8F08F0748CB
:101A8000FAE70748F8E70748F6E700BF0D17002018
:101A900058140020581300200F80FFF3028000F03C
:101AA000018000F0078000F038B5124B05461B7826
:101AB000DBB1E0B106F050FB0F4A00231146147B66
:101AC00054B92B6001251A0101EB03131D738C50CF
:101AD00006F03DFB204638BD0133082B02F1100211
:101AE000EDD106F034FB0548F5E70548F3E7054876
:101AF000F1E700BF0D17002058140020048000F00B
:101B0000028000F0018000F038B506F025FB0023CC
:101B100005460B4A147B6CB90133082B02F1100205
:101B2000F8D101F05FFD074B28461C7006F00FFB53
:101B3000204603E0284606F00AFB034838BD00BFF4
:101B4000581400200D170020058000F00D4B10B533
:101B50001B78044693B1072812D806F0FDFA0A4B09
:101B600003EB04131A7B2AB100241C7306F0EFFA6E
:101B7000204610BD06F0EBFA0448FAE70448F8E7FF
:101B80000448F6E70D17002058140020068000F0E6
:101B9000028000F0018000F0154B13B51868002397
:101BA00001908DF8043006F0D7FA124B1C7824B15E
:101BB00006F0CDFA104802B010BD01221A7006F0EE
:101BC000C6FA0E4B01A81C731C7783F82C4083F8CF
:101BD0003C4083F84C4083F85C4083F86C4083F8C9
:101BE0007C4008238DF8073001F032FD2046E2E703
:101BF000508500080D170020038000F058140020C5
:101C0000F8B50D4D2D7885B1072810DC0B4D060178
:101C100005EB0014277B67B1AB510025069BA5603F
:101C2000636001F05DFD2846F8BD0548FCE7054806
:101C3000FAE70548F8E700BF0D1700205814002008
:101C4000028000F0018000F0078000F00A4A08B529
:101C500012785AB107280BD8084A02EB00131B7BF5
:101C600043B1002101F0D4FC002008BD0448FCE78A
:101C70000448FAE70448F8E70D170020581400203C
:101C8000028000F0018000F0078000F00A4A08B5E9
:101C900012785AB107280BD8084A02EB00131B7BB5
:101CA00043B1012101F0B4FC002008BD0448FCE769
:101CB0000448FAE70448F8E70D17002058140020FC
:101CC000028000F0018000F0078000F0184B2DE941
:101CD000F0411F6D5B6D1F4000D5FEE7012600251A
:101CE000144CDFF85880374218D02368C8F8506089
:101CF000A3B1A168284601316268A1609847637B5F
:101D0000012B0BD150B90C4B03EB45131A7B60F33D
:101D100041021A731A7F60F341021A770135082DC8
:101D20004FEA460604F11004DDD1BDE8F08100BFA2
:101D300000000450581400205813002000200450C4
:101D4000044BD3F88420D206FBD4D3F88400C0F32C
:101D5000811070470040005038B5104B0546D3F84D
:101D600000310C4603F00303022B0BD0032B0DD0E4
:101D7000012B0FD105F0EAFD032305B1286004B162
:101D8000236038BD05F040FE0923F6E705F0E4FDC9
:101D90000823F2E701230020EFE700BF0080005096
:101DA00038B5104B0546D3F840310C4603F0030319
:101DB000022B0BD0032B0DD0012B0FD106F0B8F95D
:101DC0000A2305B1286004B1236038BD05F01CFE6C
:101DD0000923F6E706F0AFF90C23F2E70123002010
:101DE000EFE700BF0080005038B5104B0546D3F830
:101DF00060310C4603F00303022B0BD0032B0DD0F4
:101E0000012B0FD106F094F90A2305B1286004B123
:101E1000236038BD05F0F8FD0923F6E706F08BF9DD
:101E20000C23F2E701230020EFE700BF0080005001
:101E300038B5104B0546D3F840320C4603F0030387
:101E4000022B0BD0032B0DD0012B0FD106F070F914
:101E50000A2305B1286004B1236038BD05F0D4FD24
:101E60000923F6E706F067F90C23F2E701230020C7
:101E7000EFE700BF0080005038B5124B0546D3F89D
:101E800080300C4603F00303022B0BD0032B0DD044
:101E9000012B0FD105F020FD0E2305B1286004B100
:101EA000236038BD05F05CFD0723F6E705F00EFD65
:101EB0000623F2E7044841F22E2104F00DFF00232F
:101EC0001846EAE7008000505485000838B51A4BE0
:101ED0000546D3F820010C4600F00700062821D85B
:101EE000DFE800F028040C1410181C0005F0EEFCCC
:101EF000052305B1286004B1236038BD05F026FD37
:101F00000323F6E705F02CFD0723F2E705F01AFDA1
:101F10000223EEE705F0DAFC0623EAE705F016FDFA
:101F20000423E6E7054841F2AB2104F0D5FE002387
:101F30001846DEE70123DCE70080005054850008E6
:101F400038B5194B0546D3F828310C4603F0070382
:101F5000013B052B20D8DFE803F003131B0F0B1701
:101F600005F0B4FC052305B1286004B1236038BD39
:101F700005F0ACFC0623F6E705F0F2FC0723F2E7D8
:101F800005F0E4FC0323EEE705F0E0FC0423EAE7B8
:101F900005F0D8FC0223E6E7044841F2A50104F06D
:101FA0009BFE00231846DEE70080005054850008A1
:101FB000002337B50193194B0546D3F820320C4660
:101FC00003F00703042B1FD8DFE803F025030F14E9
:101FD0001900002101A8FFF7B3FF12230DB1019AE8
:101FE0002A6004B1236003B030BD05F0B9FC0723BB
:101FF0000190F3E706F09CF80A230190EEE705F064
:1020000003FD09230190E9E741F26201044804F06D
:1020100063FE0023E2E70123E0E700BF00800050F9
:1020200054850008F7B50027144B0197D3F8804179
:10203000064604F00304022C0D4614D0032C0DD0E8
:10204000012C14D1394601A8FFF740FF10240EB12E
:10205000019B336005B12C6003B0F0BD05F080FC3E
:1020600007240190F3E705F06DFC0190EFE741F2E2
:102070000E41034804F030FE3C46E8E70080005083
:102080005485000838B5164B0546D3F800020C46B7
:1020900000F00700042819D8DFE800F020030B0F38
:1020A000130006F045F80A2305B1286004B1236047
:1020B00038BD05F0A9FC0923F6E706F03CF80C232F
:1020C000F2E705F029FC0F23800AEDE7054841F20D
:1020D000CC4104F001FE00231846E5E70123E3E7C5
:1020E000008000505485000838B5164B0546D3F8DB
:1020F00008020C4600F00700042819D8DFE800F0B9
:1021000020030B0F130006F013F80A2305B1286013
:1021100004B1236038BD05F077FC0923F6E706F02B
:102120000AF80C23F2E705F0F7FB0F23800AEDE72E
:10213000054841F2045104F0CFFD00231846E5E7BD
:102140000123E3E7008000505485000838B5124BA6
:102150000546D3F850320C4603F00303022B0FD090
:10216000032B05D0012B0FD105F0E2FF0A2302E07B
:1021700005F0E1FF0C2305B1286004B1236038BDF0
:1021800005F042FC0923F6E7044841F2D50104F0CA
:10219000A3FD00231846EEE7008000505485000898
:1021A000002337B50193184B0546D3F860320C462F
:1021B00003F00703013B032B1FD8DFE803F0020EF7
:1021C0001914002101A8FFF781FE10230DB1019A17
:1021D0002A6004B1236003B030BD002101A8FFF7DD
:1021E000DFFD1123F2E705F0BBFB07230190EDE7CC
:1021F00005F0A8FB02230190E8E741F2091103482A
:1022000004F06AFD0023E1E70080005054850008D7
:10221000002337B50193184B0546D3F894320C468A
:1022200003F00703013B032B1FD8DFE803F0020E86
:102230001914002101A8FFF749FE10230DB1019ADE
:102240002A6004B1236003B030BD002101A8FFF76C
:10225000A7FD1123F2E705F083FB07230190EDE7CB
:1022600005F070FB02230190E8E741F23C110348BE
:1022700004F032FD0023E1E700800050548500089F
:1022800073B500240F4B0194D3F87032064603F067
:102290000303012B0D4607D0022B11D041F2671129
:1022A000094804F019FD04E0214601A8FFF778FD74
:1022B00011240EB1019B336005B12C6002B070BDDA
:1022C0001524F6E7008000505485000808B5334B0C
:1022D00098424FD027D8324B984245D017D8314B2F
:1022E00098423ED00AD838B12F4B984239D041F2AB
:1022F000E3312E4804F0F0FC002034E02C4B9842EF
:102300002FD02C4B9842F2D12B4B586E2BE02B4BFD
:1023100098422CD003F5371303F5D8639842E6D1E1
:10232000254B986F1FE0264B98422FD00CD8254B99
:10233000984223D0244B984224D0244B9842D6D1A3
:102340001D4BD3F884000EE0214B984222D003F5B8
:10235000740303F510539842C9D1174BD3F8980072
:1023600001E0154B986D08BD134B186FFBE7124B3E
:10237000586FF8E7104BD3F88000F4E70E4BD3F812
:102380008800F0E70C4BD3F88C00ECE70A4BD3F84D
:102390009000E8E7084BD3F89400E4E780BA8C019A
:1023A000405DC60080841E0040420F005485000836
:1023B00000093D00C0CF6A000080E00F0024F40057
:1023C000007E560380D54302006CDC020048E80121
:1023D0000090D003B0F5207F10B52ED009D8B0F50D
:1023E000007F24D003D868B1B0F5C07F0AD00024A4
:1023F0001BE0B0F5607FFAD1124BD3F88040C4F3F4
:10240000011412E00F4B1C6F230B13F00E0FC4F3DB
:1024100003340AD0072C08D00F2C06D0032C04D08C
:1024200040F28B21084804F057FC601C10BD054B9E
:10243000D3F89040C4F30464F7E7024B1C6FC4F375
:102440008024F2E700800050548500084FF4803269
:1024500038B5104B04469A6600200D46FFF7BAFFC8
:1024600041F671320C4B6043DC69DA635A6804F45C
:10247000803422F440125DB90849884294BF00209C
:102480000120000502435A600CB10022DA6338BD16
:102490000349F2E70090005000000350005A620226
:1024A000002D3101420938B504460D4606D140F2EF
:1024B0003B310D4804F010FC002305E0531E022BB5
:1024C0000BD80A4B03EB820304F01F0445B103F55C
:1024D00080530122A2401A6038BD40F24931E8E73A
:1024E00003F50053F5E700BF5485000860800050F5
:1024F000002130B5B0F5807F85B00446CDE90011EC
:1025000000F009816BD8002800F0D980A0F12004E8
:10251000602C74D8602C72D8DFE814F0D100DE0093
:10252000D100DE00EE00EE00EE00EE00EE00DE0078
:10253000F8007D000E019D007D00DE00DE00DE0063
:102540007100710071007100710071007100710003
:10255000DE00DE00DE00AF001801DE007100710059
:1025600071007100710071007100710071007100E3
:10257000710071001D01EE00D100D100D1001301E6
:102580007D007D00BB0022019200F300710071000C
:10259000710071007100C600D1007100EE00EE0004
:1025A000EE00EE00EE00F300F300DE007100DE004E
:1025B000DE00710071007100710071007100710026
:1025C0007100710071007100710071007100710083
:1025D000710071007100710071007100CB00B0F5E5
:1025E000E06F00F0B3803BD8B0F5607F7FD01DD89E
:1025F000B0F5007F66D008D8B0F5C07F5FD040F25C
:10260000AA415C4804F068FB56E0B0F5207F63D037
:10261000B0F5407FF3D105F07FF904464FF4207008
:10262000FFF7D8FEB4FBF0F464085EE0B0F5B06FDD
:102630006CD00AD8B0F5806F5ED0B0F5A06FDED157
:1026400000216846FFF7B4FC36E0B0F5C06F73D0E8
:10265000B0F5D06FD3D100216846FFF713FD2BE012
:10266000B0F5186F77D00DD8B0F5086F7DD0B0F504
:10267000106F66D0B0F5F06FC1D100216846FFF74A
:10268000B3FB19E0B0F5286F6AD007D8B0F5206F1A
:10269000B5D100216846FFF783FD0DE0B0F5406F2E
:1026A0002FD0B0F5486FAAD100216846FFF7B0FDE2
:1026B00002E005F011F90090009805B030BD05F07A
:1026C0002BF9F8E705F008F905462046FFF782FEEA
:1026D000B5FBF0F50095EFE705F01EF904464FF461
:1026E0002070FFF777FEB4FBF0F40094E4E701A854
:1026F000FFF7C2FB019DE8E700216846FFF7E6FB14
:10270000DAE700216846FFF71BFCD5E700216846A1
:10271000FFF788FCD0E74FF0E02302911B695B07CD
:1027200005D505F0F9F80290029B0093C4E703A9D0
:1027300002A8FFF735FBF7E700216846FFF730FBFB
:10274000BAE700216846FFF7CFFCB5E700216846ED
:10275000FFF76EFBB0E700216846FFF7F7FCABE739
:1027600000216846FFF78CFDA6E76846FFF7F4FAFC
:10277000A2E700BF5485000808B58020FFF7B8FE27
:10278000034B98429EBF4FF48032024B1A6708BD3C
:10279000005A620200A000501FB503460020B3F5A6
:1027A000807F019000F0FB8000F28B80662B7BD84D
:1027B0003C2B05D8243B092B5CD940F28F51DDE03E
:1027C0003D3B292BF9D801A252F823F0C12900087A
:1027D000EF290008BB270008BB270008BB2700081B
:1027E000BB270008BB270008BB270008BB27000841
:1027F000BB270008BB270008BB270008BB27000831
:10280000BB270008BB270008F92900089529000804
:10281000BB270008BB270008BB2700082B2900089E
:10282000BB270008BB27000845290008032A000829
:10283000ED280008E5290008BB270008BB27000891
:10284000BB270008BB270008BB2700085D2900083C
:10285000BB270008BB270008952900089529000818
:10286000952900089529000895290008E529000800
:10287000E5290008092BA0D801A252F823F000BFD7
:102880009529000895290008952900089529000830
:1028900095290008BB27000885290008BB270008E8
:1028A0000B290008CB290008802B86D1574B1B6FC2
:1028B00003F00703013B032B5ED8DFE803F05B5412
:1028C0005759B3F5F06F7BD024D8B3F5B06F59D01A
:1028D00011D8B3F5607F00F08180FFF46EAFB3F5DF
:1028E000806F57D0B3F5A06F7FF467AF002001A9C8
:1028F000FFF75EFB4AE0B3F5D06F66D0B3F5E06F4B
:1029000075D0B3F5C06F7FF458AF002001A9FFF771
:1029100047FA3BE0B3F5186F6ED00BD8B3F5086FEC
:1029200058D0B3F5106F7FF448AF002001A9FFF72E
:10293000DBFB2BE0B3F5286F63D008D8B3F5206F2D
:102940007FF43BAF002001A9FFF72AFC1EE0B3F59E
:10295000406F47D0B3F5486F7FF42FAF002001A937
:10296000FFF756FC12E0052301930FE00323FBE77A
:102970000823F9E70223F7E740F2DC41244804F09A
:10298000ABF903E0002001A9FFF74CFB019805B06B
:102990005DF804FB002001A9FFF798FAF6E74FF075
:1029A000E02302901B695B0705D504F0B5FF0D23FA
:1029B0000393039BD8E703A902A8FFF7F1F9F8E70F
:1029C000002001A9FFF710FAE0E7002001A9FFF7B6
:1029D00059FBDBE701A9FFF7BFF9D7E701A9FFF72B
:1029E0004BFAD3E7002001A9FFF7AAFACEE70020AF
:1029F00001A9FFF71DFAC9E7002001A9FFF7A6FB0F
:102A0000C4E7002001A9FFF73BFCBFE700800050AE
:102A1000548500084FF48032074B0849586E03F57F
:102A200080535A664B6A23F001034B62C3035CBFB9
:102A3000034B5A66704700BF0080005000000850EA
:102A400000A0005038B5036804460F2B04D940F6A7
:102A500094317C4804F040F963680F2B04D940F6A8
:102A60009731784804F038F9A3680F2B04D940F661
:102A70009A31744804F030F9237B0F2B04D940F6C7
:102A80009D31704804F028F9637B0F2B04D94FF473
:102A90003A616C4804F020F9A37B3F2B04D940F63F
:102AA000A331684804F018F9E37B3F2B04D940F6C2
:102AB000A631644804F010F92369032B04D940F6C9
:102AC000A931604804F008F96369032B04D940F682
:102AD000AC315C4804F000F9E369032B04D940F6FB
:102AE000AF31584804F0F8F88020FFF755FE03286E
:102AF00000F083804FF48012534B4FF0A0615A6670
:102B000045F60E02514BC3F88020514A91624FF4B2
:102B1000803102F5805291629A6DD203FCD4996D96
:102B200011F08041FBD1D4E90002120542EA0062B3
:102B3000E07B0243207B42EA0042607B42EA0032B3
:102B4000A07B42EA80121A619869D4E90452120605
:102B500042EA856200F000400243A07EE57E024327
:102B6000207E42EA0042607E42EA00229A611A6AAE
:102B7000E06922F00F0242EA8502364D00283DD17D
:102B80001A6294F82420996A94F82000D20029400F
:102B900042EA40120A4394F8211042EA011242F438
:102BA00080329A622C49294A936D31EA0303FBD1A2
:102BB0004FF08071264881621369A56823F4700381
:102BC00043EA055313614FF00043836194F82230C8
:102BD0000BB9224B996294F823303BB94FF4803201
:102BE0001E4B9A62194A936D5B00FCD494F8253011
:102BF0001BB1164B1A4AC3F8802038BD024342F07D
:102C0000080202281A6208D119614FF4085299612A
:102C100014484FF47F4104F0B8F90C4994F822307D
:102C20008A6A94F820001B062A4043EA40131343A3
:102C300094F8242043EAC20394F8232043EA024391
:102C40008B62D3E754850008009000500040005A82
:102C50000050005AC7FFFEFE030001000060005A4A
:102C6000F1A7FFFF3440005A014B93F90000704771
:102C7000EC170020436810B5072B044604D940F632
:102C8000F2512A4804F028F8A368032B04D940F62F
:102C9000F451264804F020F82378032B04D940F699
:102CA000F651224804F018F894F90130002B04DAA8
:102CB00040F6F8511D4804F00FF84FF400011C4A8B
:102CC000637851664FF4D151022002F5B832516257
:102CD00018494F2B48604FF0010028BF4F2301F5E2
:102CE000805148601169C903FCD4217843EA01236B
:102CF0005361D4E901131B0143EA0123617B0B43B8
:102D0000217B43EA41039360E37BA17B1B0143EA00
:102D10004113617C0B43217C43EA41035360A37C54
:102D200013B16FF4D153536210BD00BF5485000836
:102D30000090005000100250014B1880704700BFF7
:102D4000EA170020014B1880704700BFE8170020E9
:102D50004FF4800208B5184B5A660223174A536095
:102D6000936813F48033FBD1012822D104F0EEFDE7
:102D7000134B984215D003F5122303F5F8639842DC
:102D800013D0104B00EB8002400AB3FBF0F3520A61
:102D90000A49CA620B6301234B620022074B5A6047
:102DA00008BD45F67A13084AF2E745F61A03074AC2
:102DB000EEE75362F1E700BF009000500040025080
:102DC00000F0490264666666D8B80500BBCF05000E
:102DD000B0F5207F38B577D00ED8B0F5007F61D040
:102DE00003D890B3B0F5C07F2FD040F21E31BDE8BC
:102DF00038403D4803F070BFB0F5607FF5D13B4AE5
:102E00004C1ED2F8FC5015F080751EBFD2F8FC3075
:102E100023F08073C2F8FC30032C04D94FF43F71C7
:102E2000314803F059FF324AD2F8803023F03003A2
:102E300043EA0413C2F8803035B12C4AD2F8FC3092
:102E400043F08073C2F8FC3038BD4C1E012C0AD907
:102E5000102903D8274BCB40DB0704D440F2CF2105
:102E6000214803F039FF04F09FF804F0ABF84FF469
:102E70008031214B1E4A1967136F23F4704343EAD4
:102E80000433136704F048FD0446FEF759FFC0F110
:102E90000201204604F090F800F048F8BDE8384000
:102EA000FFF76ABC4C1E1F2C04D940F212310E48A9
:102EB00003F012FF0E4AD2F8903023F0F85343EAA1
:102EC0000463C2F89030BFE74C1E012C04D94FF4C4
:102ED0004671054803F000FF054A136F23F4806331
:102EE00043EA84231367AFE75485000800ED00E050
:102EF00000800050100101000090005008B5012131
:102F0000022000F0B9F94FF42070FFF763FA054B87
:102F1000187004F049F804F055F84FF48032024B71
:102F20001A6708BD0E1700200090005008B54FF436
:102F3000C070FFF7DDFABDE808400449884294BF3D
:102F4000012102214FF42070FFF742BF80F0FA0206
:102F500038B5044604F0E0FC0546FEF7F1FEC0F18A
:102F60000201284604F028F80121002000F0D8F9D9
:102F70002CB1FFF7DBFFBDE83840FFF7FDBB034B8B
:102F80004FF420701978FFF723FFF4E70E170020A5
:102F90002DE9F0410546FFF799F9431E0333044636
:102FA00004D940F6EC113B4803F096FE4FF4C022E2
:102FB000394B5A6603F598335A68012A04D13749C8
:102FC0004A605A689207FCD48020FFF7E5FB052889
:102FD00007D103F0E9FF03F0F5FF4FF480322E4BE9
:102FE0001A672F4B24F040749D4239D02D4B9D42DF
:102FF00039D004F06BFC8542064603D901212846EE
:1030000000F08EF9284FFB6813F0060FFBD1D7F8BC
:103010000880BC60BB68634013F4F81F26D12846C3
:10302000FDF722FD8020FFF7B7FB052814D104F03F
:1030300073FCA842044604D940F64521154803F024
:103040004BFEFEF77DFEC0F10201204603F0B4FF07
:10305000FFF76CFFFFF790FBAE4213D2BDE8F081A3
:1030600044F00074C5E744F08074C2E740F63421B0
:10307000084803F031FE8020C7F80880FFF78CFB7A
:10308000052805D0BDE8F0410121002000F048B935
:103090003546CCE7548500080090005000E0015010
:1030A00040420F0080841E00000001505C4B70B550
:1030B000984205467FD035D85A4B5B4E984200F077
:1030C0008D8022D8002800F09880584B984264D018
:1030D000574B984250D0574B98423ED041F2F8118E
:1030E000554803F0F9FD40F69271534803F0F4FDA2
:1030F0004FF400224C4B5A664E4B9D4200F08D809F
:1031000000244A4A954253D073E04C4B984269D010
:1031100003F5371303F5D8639842DFD1484BD3F852
:10312000B8402CE0474B984250D00CD8464B9842C0
:1031300048D003F5742303F510739842CED1404B69
:10314000D3F8C4403AE0414B984243D0404B9842B8
:10315000C4D13B4BD3F8D04030E0394BD3F8A0403A
:10316000621E033224F0407451D84FF4002373667A
:10317000234643F000743CE0314BD3F8A040621E7C
:10318000033224F0407431D940F692712A4803F09A
:10319000A3FD4FF400237366B3E7294BD3F8A04097
:1031A000621E033224F04074EED84FF4002373669D
:1031B00044F080741DE0224BD3F8BC40621E1A4ECE
:1031C0000332DEE71E4BD3F8C040F7E71C4BD3F8C1
:1031D000C840F3E71A4BD3F8CC40EFE7184BD3F8CD
:1031E000A440CCE7164BD3F8B040C8E74FF4002317
:1031F00073664FF0B442946070BD40F692710E4811
:1032000003F06AFD4FF400232C467366F1E740F6A5
:103210009271094803F060FDA7E70023A9E700BF0A
:103220000024F400404B4C000090005080841E00AD
:1032300000093D0040420F00548500088096980028
:103240000080E00F80BA8C01C0EA21010048E8014B
:10325000005A6202024A536B0342FCD1704700BF1E
:1032600000800950034A0179D36E23F030030B43E9
:10327000D366704700400050F8B50446244BD3F89D
:103280008420D006FBD4D3F88430C3F381139C424E
:103290003CD004F021FB012C05460BD11D4B98427C
:1032A00004D940F29D711C4803F016FD0121284607
:1032B00003F082FE04F047FF4FF00072174B074601
:1032C0005A66204603F083FE4FF48063104E621E60
:1032D00093403367736E9A0103D4D6F884309B060B
:1032E0000AD5384604F02AFF022C0FD12846BDE843
:1032F000F840002103F060BED6F884309906E9D585
:1033000040F2B571044803F0E7FCE3E7F8BD00BF05
:1033100000400050005A6202D18500080060005051
:1033200010B50C4608B904F0D7FA074B21461B78B4
:103330003BB1064B984204D80120BDE81040FFF78E
:103340009BBF0220F9E700BF0F170020005A62025E
:103350004FF0004238B5244B244C5A664AF6CD3320
:10336000656C014605F00105236428BB0120FFF7C9
:1033700071FF6368DB0715D51D4B586008461D4B70
:10338000226BD2070CD4984208D1072415B1174BF1
:10339000194A1A6403F01CFE204638BD0130EFE7DD
:1033A0009842F2D00024F1E70132236B13F00803B6
:1033B00005D08A42F8D1E8E700220E49F5E78A42B3
:1033C000E3D020210A4A91620121A2F58052516086
:1033D0000649084A886A800603D49342D5D001334F
:1033E000F8E79342DDE700BF0090005000800950ED
:1033F00000A0095040420F003254FFFF4FF000423E
:1034000038B5164B01465A664AF6CD33144C154A68
:10341000656C236443780B205B0043F00103D363A6
:10342000FFF718FF63688A7823F4F87343EA0213FE
:103430006360CA784B7943EA0223A3600A798B79E7
:1034400043EA022323610878FFF782FFEB0744BFBA
:10345000054B236403F0BCFD012038BD00900050F3
:1034600000800950004000503254FFFF0F2870B513
:10347000044605D940F69A61124803F02DFC0F244A
:103480004FF00042104B11495D6E03F580535A66B0
:103490004AF6CD334E6C80200B64FFF7DBFE0B6ADF
:1034A00023F00F0323430B62F30744BF084B0B6465
:1034B000002DA2BF4FF00042064B5A6603F088FD74
:1034C00070BD00BFD1850008008000500080095009
:1034D0003254FFFF00A00050032838B504460D46C3
:1034E00005D8094B33F81030CB40DB0704D440F249
:1034F0008541064803F0F0FB302301225C43044B76
:10350000AA401A5138BD00BF588700084E860008EF
:1035100040D00350032838B504460D4605D8094B62
:1035200033F81030CB40DB0704D440F25641064854
:1035300003F0D2FB302301225C43044BAA401A5112
:1035400038BD00BF588700084E86000840E0035091
:1035500003282DE9F04104460D461746984605D844
:103560001D4B33F81030CB40DB0704D44FF4B0715F
:103570001A4803F0B1FB37B129462046B8F1000FD5
:1035800020D0FFF7A9FF0F21072D04EB440688BFC9
:10359000A5F108034FEA0616114895BFAB009B0042
:1035A00004360C3607FA03F29940304403F011FD5B
:1035B0007FB929462046B8F1000F06D0BDE8F0419A
:1035C000FFF78ABFFFF7A6FFDDE7BDE8F041FFF791
:1035D000A1BFBDE8F08100BF58870008D986000868
:1035E00030C0035010B5232000F062FF0024FF22FA
:1035F000064B21465C6520209A625C60FEF752FF14
:103600002146BDE810402120FEF74CBF00000450C9
:10361000072838B504460D4603DD7721084803F036
:103620005BFB1F2C03D99121064803F055FB064A8A
:10363000064B002D08BF13460122A2401A6038BD78
:1036400060870008DE8700084010045040200450C6
:1036500010B5044618B991211F4803F03DFB2378AB
:103660001B0613F0604F03D092211B4803F034FB7C
:10367000E3780F2B03D99521174803F02DFB012187
:103680002020FEF70FFF01212120FEF70BFF012272
:10369000124B23205A60227812069A606178A27831
:1036A00042EA01429A61FF229A6200229A631A64F6
:1036B0004FF000425A654FF0FF3203F500531A6590
:1036C00000F046FF2320E17800F050FFBDE81040F5
:1036D000232000F00BBF00BF6087000800000450EB
:1036E000F8B50126C3B2072805460C46174606FA68
:1036F00003F603DDDE21344803F0EEFA1CB9DF21C6
:10370000314803F0E9FA236823F47C1323F00F0314
:103710001BB1E2212C4803F0DFFAA37A1B0413F457
:103720007C0F03D0E721284803F0D6FAE37A1B0583
:1037300013F07E6F03D0E921234803F0CDFA237BF9
:103740005B0513F0FE5F03D0EB211F4803F0C4FAC2
:103750001E4B27F003071E65AB00226803F1A04350
:1037600003F588235A60302202FB05F0637B00F1E9
:10377000A04000F580200366E37AA27A1B0543EAA5
:103780000243227B43EA4253C365076704F0E4FC2B
:103790000F4B227A5E6502B11E64627A02B19E63AB
:1037A0002279A37943EA0243084A93616179E37974
:1037B00043EA014306498B61064B56639E64BDE8AC
:1037C000F84004F0C4BC00BF60870008002004502B
:1037D000001004500000045010B50124C3B20728A3
:1037E00004FA03F404DD40F27B11074803F074FA95
:1037F00004F0B2FC054B5A6D22EA04025A659C6241
:10380000BDE8104004F0A3BC60870008000004502D
:1038100010B50124C3B2072804FA03F404DD40F212
:1038200099110A4803F058FA04F096FC084BDA6A3A
:10383000224208D15B6B9C430CBF0124002404F09E
:1038400086FC204610BD0024F9E700BF6087000811
:103850000000045070B50125C3B20728044605FADC
:1038600003F504DD4FF4E071094803F035FA04F084
:1038700073FC3022074B5E6B02FB04335C6E04F07A
:1038800066FC35420ABFC4F30A100020013070BD47
:1038900060870008000004500D4B984208D1A3F542
:1038A000D023C3F85812802300F58050C3657047B9
:1038B000084B984204D1A3F5D823C3F87412F2E759
:1038C000054B984204BFA3F5E023C3F89012EAE742
:1038D00000000A5000400A5000800A50F8B5074620
:1038E0000C461E4615464AB940F25511314803F0C0
:1038F000F3F924B1402E09D1062328E021B94FF471
:103900002070FEF7F5FD0446402E42D0402E09D827
:103910007EB1202E17D04FF4CE71BDE8F840254877
:1039200003F0DAB9602EF6D1B5EB940F3CD804233E
:103930000DE0B5EB141F04D940F287111D4803F0C8
:10394000CBF9102303E0B5EBD40F1CD808235D435B
:103950006B0803EB4413B3FBF5F3174D203BB5EBBA
:10396000C30F4FEAC30404D240F2B311114803F06D
:10397000B3F9602207F500539A602C4007F5805395
:103980009E60FC61F8BD4FF4C6710A4803F0A4F9CB
:10399000DCE70623B4FBF3F3AB42ADD240F2911166
:1039A000044803F099F9A7E74FF4CB71014803F0FD
:1039B00093F9BCE768880008F8FF7F0038B5104B22
:1039C000044698420D460CD003F58043984208D037
:1039D00003F58043984204D040F2F521094803F0F2
:1039E0007BF9012204F580535A60EB43934003F0C6
:1039F0000A036361656115B904F50054626038BD5E
:103A000000000A50688800081B4B10B59842044615
:103A10000CD003F58043984208D003F580439842C8
:103A200004D040F26F41154803F056F9012204F525
:103A300080535A6040F6AA6341F205026361002395
:103A40000F49A360E365E26004F500522361E3617E
:103A5000E36491640849A3658C4203D12365002384
:103A6000636506E007498C42F8D001F580418C423D
:103A7000F4D00123536010BD00000A50688800088C
:103A8000FFFF010000400A50424B70B598420446C7
:103A90000D460CD003F58043984208D003F58043CF
:103AA000984204D040F226313B4803F015F92046F5
:103AB000FFF7AAFF012304F580567360AB7C1BB1AE
:103AC000A36843F08043A360EB7C1BB12046297DB3
:103AD000FFF7E2FE2A8A6B7B20461343EA891343F1
:103AE000E3602B7BD5E90112FFF7F8FE6B7D1BB17C
:103AF000A36843F48033A360AB7D1BB1A36843F498
:103B00000043A360EB7D2A7E1B07120502F4E0024E
:103B100003F0E0431343A3656A7E2049931E012B03
:103B20001C4B1BD89C4215D003F580439C4213D0FC
:103B300003F580439C420CBF02234FF0FF33022069
:103B4000C1335B01C850032A1FD10423F3652B78CE
:103B5000636170BD0023F2E70123F0E79C4210D0BF
:103B60000F4B9C420FD003F580439C420CBF0223B5
:103B70004FF0FF33022003F241135B01C850012ACA
:103B8000E2E70023F6E70123F4E7042204F50053FB
:103B9000DA65DCE700000A506888000800C00350BE
:103BA00000400A5010B5044620B94FF40D7110487A
:103BB00003F092F82378C3B1013BDBB2022B06D8A5
:103BC0000C4A32F813306278D340DB0704D440F259
:103BD0003721074803F080F80122637821789A4062
:103BE00030235943044B5A5010BDFF23EBE700BF6D
:103BF000E7880008028A000840E00350034BD3F82E
:103C00002424D3F820041040704700BF00C00350A4
:103C10002DE9F041037804460D46164613B3013BE7
:103C2000DBB2022B06D82A4A32F813306278D3402E
:103C3000DB0703D45D21274803F04EF8264BD3F869
:103C400010331BB16021234803F046F80F2D0BD829
:103C5000DFE805F036313131313131313131313157
:103C600031313131FF23E1E7B4211A4803F034F850
:103C70004FF00008204606B303F056FF0F21677887
:103C80002378072F03EB430388BF083F4FEA031352
:103C9000124895BFBF00BF0004330C3308FA07F287
:103CA000B940184403F0A9F985B9204656B1BDE8DA
:103CB000F04103F039BFA846DCE7FFF773FFDDE70B
:103CC000A846DBE7BDE8F041FFF76CBFBDE8F08137
:103CD000028A00087B89000800C0035030C00350EE
:103CE000B0F1B64F10B504460ED00A4B98420BD037
:103CF00003F58043984207D003F58043984203D0F0
:103D0000FD21054802F0E8FF012304F580546360BB
:103D100010BD00BF00000B5024840008B0F1B64F66
:103D200010B504460FD00C4B98420CD003F58043DD
:103D3000984208D003F58043984204D04FF487712D
:103D4000064802F0C9FF6368DB0742BF012304F5A0
:103D50000054636010BD00BF00000B5024840008B5
:103D6000B0F1B64F38B504460D460FD0094B984216
:103D70000CD003F58043984208D003F58043984265
:103D800004D040F28511044802F0A6FF04F58054E7
:103D9000256438BD00000B5024840008B0F1B64FF4
:103DA00038B504460D460FD0094B98420CD003F5A8
:103DB0008043984208D003F58043984204D04FF4E2
:103DC000CB71044802F088FF04F50054256438BD27
:103DD00000000B5024840008B0F1B64F38B50446FB
:103DE0000D460FD0094B98420CD003F58043984202
:103DF00008D003F58043984204D04FF4DC710448A6
:103E000002F06AFF04F50054E56338BD00000B5072
:103E100024840008B0F1B64F10B504460FD00A4B09
:103E200098420CD003F58043984208D003F58043B4
:103E3000984204D04FF4F271044802F04DFF236C15
:103E4000E06B184010BD00BF00000B502484000838
:103E5000B0F1B64F38B504460D460ED0084B984227
:103E60000BD003F58043984207D003F58043984276
:103E700003D07C21034802F02FFF656338BD00BFEB
:103E800000000B50088A0008B0F1B64F10B5044688
:103E90000ED00A4B98420BD003F58043984207D0CE
:103EA00003F58043984203D08E21054802F014FFA9
:103EB0006369DB05FCD5606AC0B210BD00000B5021
:103EC000088A0008B0F1B64F2DE9F04106460D46CC
:103ED00017461C460ED0354B98420BD003F5804355
:103EE000984207D003F58043984203D0B921304867
:103EF00002F0F2FE1FB9BC212D4802F0EDFE1DB903
:103F0000BD212B4802F0E8FE230206F580529360A3
:103F1000B3689A072FD5012C34D0022C34D0002C52
:103F200038D0D221224802F0D7FE0023AB4203D37F
:103F3000E7211F4802F0D0FE1E4B1B5D7B439846D5
:103F400003D1F2211A4802F0C7FE6C1E4444A4EBD0
:103F5000C704B4FBF8F4013C1ED5F921144802F063
:103F6000BBFEFA21124802F0B7FEB368C4F308049E
:103F7000B461BDE8F081012C08D0022C08D04CB10E
:103F8000E121CFE70C4BD1E70C4BCFE70C4BCDE752
:103F90000C4BCBE70C4BC9E7B4F5007FE1D2B3681B
:103FA0009B07E3D5002C08BF0124DFE700000B507E
:103FB000088A00088E8A0008404B4C00809FD5007C
:103FC00040548900002D310180841E00B0F1B64FAD
:103FD00010B504460FD0164B98420CD003F5804321
:103FE000984208D003F58043984204D04FF4927170
:103FF000104802F071FEE023E36000232046A36036
:10400000A361E3612362FFF789FE20460A49FFF7B7
:10401000C5FE6369DB0509D420462021FFF7DCFEDD
:104020002046BDE810400449FFF7D6BE636AF0E7BA
:1040300000000B50088A0008FFFF1F00B0F1B64FC8
:1040400038B504460D460ED00B4B98420BD003F505
:104050008043984207D003F58043984203D06921FA
:10406000064802F039FE20466D0004F58054FFF743
:10407000ADFFA56038BD00BF00000B50088A0008E6
:10408000B0F1B64F10B504460FD00C4B98420CD08F
:1040900003F58043984208D003F58043984204D04A
:1040A00040F24F11064802F017FE6368DB0745BF78
:1040B000012300201120E36010BD00BF00000B5061
:1040C000088A0008B0F1B64F10B504460FD00C4B6B
:1040D00098420CD003F58043984208D003F5804302
:1040E000984204D04FF4B371064802F0F5FD6368BE
:1040F000DB0745BF022300201120E36010BD00BF95
:1041000000000B50088A0008054B9A689107FCD400
:104110005A689207F9D4DA69002AF6D1704700BFCD
:1041200000C00A5010B5064C6368DB0703D4A52114
:10413000044802F0D1FD03F023FD0223236110BDEA
:1041400000C00A50928A000808B5FFF7DDFF01227F
:10415000024B03F580514A601A6108BD00C00A5045
:10416000044B10B55C68012C03D1FFF7DBFF024B59
:104170005C6010BD00C00A5000E00A5038B5074D21
:10418000FFF7C2FF6B680446012B03D1FFF7E8FF7E
:10419000FFF7BAFF2378EB6038BD00BF00C00A50BC
:1041A00038B505460C4603F0F5FCBDB962682378C6
:1041B00012B1127843EAC203627843EA4203A2686A
:1041C00012B1127843EA8213E27843EA8203226949
:1041D00012B1127843EA4223014A936438BD00BF0A
:1041E00000C00A5030B591488BB003F0C0FF20B139
:1041F00040F251318E4802F06FFD6C468D4D0FCD6F
:104200000FC42B688C4A2360FF238DF80130D2F84D
:104210004C3113F4802340F0FC80D2F850218DF80B
:1042200001309DF801306C46FF2B08BF3F236846E4
:10423000824D8DF80130FEF71DFD3220FEF77CFD2A
:104240000FCD0FC40FCD0FC495E8030084E8030021
:10425000794BD3F84C21120300F1CA80D3F85041B6
:10426000E4B28DF81940FEF7FFFC044484F308041F
:1042700073488DF81840FCF7FDFB6846FEF7E2FB3B
:104280003220FEF75FFD6F48FEF782FE6E48FEF7B4
:104290000DFF6E4803F06BFF20B14FF4EB716448E3
:1042A00002F01AFD6A4C0020FEF752FDFEF726FED2
:1042B000236F002023F0070343F003032367FEF777
:1042C00047FE236F634923F474432367624BD3F89B
:1042D000FC2012F0807200F09180D3F8FC2022F0D4
:1042E0008072C3F8FC20D4F8802022F0030242F050
:1042F0000102C4F880200022C1F88020D3F8FC20FD
:1043000042F08072C3F8FC20514CD4F8203123F0E5
:10431000070343F00203C4F82031D4F8283123F016
:10432000070343F00203C4F82831D4F8803123F0A6
:10433000030343F00103C4F88031D4F8403123F083
:10434000030343F00203C4F84031D4F8603123F092
:10435000030343F00203C4F86031D4F8403223F081
:10436000030343F00203C4F84032D4F8003223F0D0
:10437000070343F00203C4F80032D4F8083223F0F4
:10438000070343F00203C4F80832D4F8503223F094
:10439000030343F00203C4F85032D4F8703223F020
:1043A000030343F00103C4F87032D4F8203223F041
:1043B000070343F00103C4F82032FEF72BFB4FF054
:1043C000E0220020136943F004031361D4F8603243
:1043D00023F0070343F00103C4F86032D4F89432A9
:1043E00023F0070343F00103C4F894320BB030BD4F
:1043F0001A4B1C88FF2C88BF8C2432E7D4F88030FD
:1044000023F0030343F00103C4F88030C1F8802097
:104410007AE74FF07E6393F89C2093F99C30002B51
:10442000FFF6FFAE8DF80120FBE600BF408D0008CF
:10443000598C0008FC8C00080080E00F108D0008EB
:10444000C017530200B4C404C0EA2101448D00081F
:10445000008000500090005000ED00E00001E00FEF
:1044600007B5094B18689A889B7900906846ADF8A3
:1044700004208DF80630FEF7C1FF0C20FEF7F6FF92
:10448000002003B05DF804FB388D000813B500244C
:10449000064A6846536F43F00103536700948DF852
:1044A0000440FEF7DFFE204602B010BD0040005081
:1044B0005D2810B504460DD801220A49630904F0AD
:1044C0001F04A240203341F82320BFF34F8FBFF3D6
:1044D0006F8F10BD4FF49571034802F0FDFB002C67
:1044E000F7DBE9E700E100E0D88D00085D2810B5B2
:1044F000044608D801236109074A04F01F04A340B9
:1045000042F8213010BD40F23511044802F0E4FBBE
:10451000002CF7DBEEE700BF00E100E0D88D0008DB
:104520005C2810B5044604D94FF4A071064802F087
:10453000D3FB064B621153F8220004F01F04E04045
:10454000C04300F0010010BDD88D000800E100E07C
:10455000002808DB01224309034900F01F008240C4
:10456000603341F82320704700E100E038B500F1E6
:1045700010036D2B04460D4604D940F2E5110E4898
:1045800002F0AAFB0F2D04D94FF4F3710A4802F090
:10459000A3FB60B20028ACBF00F16040074B4FEABC
:1045A0000515EDB2ABBF00F5614000F00F0080F8DB
:1045B00000531D5438BD00BFD88D000814ED00E035
:1045C00010B503F0C9FD0A4B1A786AB901226FF0E1
:1045D00004041A7003F0BBFD204605210134FFF7E7
:1045E000C5FF5D2CF8D110BDBDE8104003F0AFBD94
:1045F0001017002010B5044603F0AEFD024B1C60FE
:1046000003F0A5FD002010BDD814002010B503F064
:10461000A3FD034B1C6803F09AFD204610BD00BFAC
:10462000D814002010B50020144602F00BFD02281B
:1046300004D018B1C321024802F04EFB204610BD41
:104640007F8E00083021037D02464B4303F1A043D7
:1046500003F58023D86E07491B6F884208D113F0F9
:10466000020006D0106A136D1B1A58425841704759
:104670000020704711170020302337B5007D0DF161
:104680000701434303F1A04303F58023DD6E1C6F54
:1046900003F006FA20B140F2F731084802F01CFBA3
:1046A0009DF8070040B9064B9D4203D184F00204F7
:1046B000C4F3400003B030BD0120FBE71B8F0008AE
:1046C0001117002038B50446FFF7D6FF98B1256DC5
:1046D000D4E9122313449D4201D8AA4204D940F2DE
:1046E0004641094802F0F8FAD4E9120303449D4216
:1046F00018BF284638BD3022237D534303F1A04321
:1047000003F58023DD6EE3E71B8F00082DE9F743F7
:10471000D0E9043404F17C07D0F80C90013B064644
:104720001022002138469DB2D4F8748002F0F2FFC6
:10473000104BC5F30A0543EA0513C4E91F390123E9
:1047400094F8780084F88C30C4F884803A460A4B98
:10475000009604F16401FDF753FA38B140F28B3151
:10476000064803B0BDE8F04302F0B6BA03B0BDE8B6
:10477000F08300BF00001030F54800081B8F0008D0
:104780002DE9F04300F13806044685B010220021DF
:10479000304602F0BFFF4FF44473534D207DC4E90F
:1047A0000F556387FDF752FA20B140F2C4514F48CC
:1047B00002F092FA10220021304602F0ABFF4FF4D3
:1047C000447363873023207DC4E90F55434303F1CD
:1047D000A04303F58023DB6EAB420BD1FDF756FA05
:1047E000002876D040F2CD51404805B0BDE8F043F6
:1047F00002F072BA0DF10B0103F052F920B140F250
:10480000D3513A4802F068FA9DF80B30002B63D17F
:104810002046FFF757FF03A90746207D03F062F902
:1048200020B140F2DB51314802F056FA039B002BD5
:1048300004DC40F2DD512D4802F04EFA039B04F1F6
:104840001808013B1022002140469DB2D4F8109078
:1048500002F060FF3022237DC5F30A0553432D018A
:1048600045F04075C4E9065903F1A043276203F5FA
:1048700080231A6F94F82410520862F3410184F8DF
:104880002410196F94F8242028F0030861F3000223
:1048900084F824201B6F626A9B0863F39F0248F030
:1048A000020362626364009432462146104B207D0D
:1048B000FDF7A6F920B140F2FE510C4802F00CFAC7
:1048C000207DFDF7E3F920B140F20261074802F0D4
:1048D00003FA05B0BDE8F08394F844306FF3410368
:1048E00084F84430DFE700BF111700201B8F000859
:1048F000E970000838B55569144695F88C3023B92D
:104900004FF45A710A4802F0E7F9002305F19000CC
:1049100085F88C30FCF7D0F808B1FFF7F7FE636834
:104920001BB100212046A2689847002038BD00BF77
:104930001B8F000838B50446007DFDF787F920B1CC
:1049400040F22B41084802F0C7F92046FFF77AFEF3
:104950000546207DFDF79AF920B14FF486610248A3
:1049600002F0BAF9284638BD1B8F00082DE9F04F38
:104970009946002304468BB008910692C9F800308E
:10498000D9F80060069B9D1B00F0BC80089B9E1917
:1049900000F0B8802046FFF7CDFF8046002840F0A9
:1049A000B1802046FFF78EFE226D904240F2B38028
:1049B000801A854228BF054694F896A0BAF1000FE8
:1049C00000F0E98003F0C8FB236D079020460993AF
:1049D000FFF752FE2F46099B834658198342D4F8AD
:1049E000981040F0B380D4E9122313448B4208BFDF
:1049F000C4F89820D4F898108A4201D88B4204D881
:104A000040F23B51854802F067F9079803F09FFB9D
:104A1000DA46207DFDF71AF920B140F279417F484E
:104A200002F05AF92046FFF727FE06462046FFF718
:104A300049FE236D8346984240F2BC8026B140F285
:104A40008341764802F048F9A26C236DAEB29342DE
:104A500040F0A880099304F128082369102200215E
:104A60004046079302F056FE3021079B013EE36269
:104A7000099BC6F30A062363237D36014B4328F0C6
:104A8000030803F1A04346F0407648F0020203F524
:104A90008023A6621A67236DD4E912122B440A44BC
:104AA000934208BF0B469342236504D340F2D6419C
:104AB0005A4802F011F9236D9B4505D10123204688
:104AC00084F85430FFF75CFE207DFDF7DFF820B15D
:104AD0004FF49E61514802F0FFF894F896303BB1D4
:104AE000BAF1000F04D0236E112120465B6898476D
:104AF000D9F8003037B1069A3B449342C9F80030E8
:104B0000FFF43EAFD9F80030002B14BF00201B206B
:104B10000BB0BDE8F08FD4E912310B449A4204D3B4
:104B200040F261413D4802F0D7F8D4E91232134413
:104B3000226D9B1A9D4228BF1D46002D7FF43CAF7D
:104B400040F20F51354802F0C7F835E701335A1EDD
:104B5000914210D1C4F8983013F8012C112A01D0D9
:104B6000132A14D1013FA2F111014A424A41D04611
:104B700084F89C2032E713F8012C02F0FD01112982
:104B800006D1013FB8F1000F3FF428AFEBE7D04664
:104B900006F8012B22E72A463046216D02F04CFD33
:104BA0002F4636E7238DC3F30A12164466F30E131D
:104BB000238570E7207D96B93023584300F1A0404B
:104BC00000F58020426E436EC2F30A1223F4FF43C5
:104BD0002A4423F0700343EA021343665BE7104B59
:104BE000049403930023CDE90153012300935A4613
:104BF0002369216802F0AFF920B140F2C2410748B1
:104C000002F06AF83022237D534303F1A04303F5F9
:104C100080235A6E22F480125A663CE71B8F0008EC
:104C2000E97000082DE9F84F90F8943004460D46DD
:104C3000002B40F0858090F89580DFF808918E1861
:104C4000B54223D094F896306BB12046FFF772FE40
:104C5000F8B1D4F89820236D9A4204D040F2CD21C7
:104C6000484602F039F894F89C30002BE8D0236EC7
:104C70002F462A785B68B8F1000F59D1236E204681
:104C80005B683978013598470028D9D00020BDE805
:104C9000F88F03F061FA0746207DFCF7D7FF20B1BB
:104CA00040F2D321274802F017F82046FFF70AFD0B
:104CB000A26C00F1FF3A924538BFE36C207D3CBF07
:104CC00003F1FF3302EB030A94F854B0FCF7DEFF64
:104CD00020B140F2DF211B4801F0FEFFD4F898100C
:104CE000BBF1000F22D0236D8B4204D04FF43971F9
:104CF000144801F0F1FF384603F029FAB3E7A26C3B
:104D00009A4202D9E36C013B134499420BD013F849
:104D10000129112A01D0132AF1D1A2F111035A421B
:104D20005A4184F89C20C4F898A0E4E75346ECE785
:104D30000A2AA3D10D212046984700289ED0A5E736
:104D40000E20A4E71B8F0008F0B50C46154606465A
:104D5000A022002189B0204602F0DCFC2746AC46A8
:104D6000BCE80F000FC7DCF8003005F1140C3B6005
:104D700004F16407BCE80F000FC7DCF80030EA6AF2
:104D80003B60AB6AC4E9132395F83020A36484F830
:104D9000952095F83320C4F89830012384F89620A4
:104DA00084F89C3084F85430AB6B2366324B34600B
:104DB0007360324BB360324BF360324B7361324BF2
:104DC000B361324B3361FCF7E7FE10B1304B9842D0
:104DD0000FD1002107A8FCF767FE014648B9079BE1
:104DE00007A82375FCF760FE0346207D23B1FCF77E
:104DF000ADFE102009B0F0BD079B84F87830FCF7B9
:104E000025FF0028F5D1234B0494CDE90203E36C80
:104E10000193012300932369A26C2168207D02F095
:104E20009AF80028E5D13022237D4FF480115343B6
:104E300042F2640203F1A04303F580239950AB6B67
:104E400093F91000FFF784FBAB6B93F91000FFF7A9
:104E50004DFB04F1900001F040FF3046FFF7CAFB24
:104E60002046FFF78DFC207DFCF710FF003818BFAF
:104E700001200001BEE700BF254C00085971000861
:104E80006D490008DD700008E3700008994E0008C5
:104E9000038000F0E970000870B50568044695F8D5
:104EA0009460002E3BD102F07AF9FFF7AFFB844209
:104EB00002D13046FFF79EFB2B6E93F91000FFF7EF
:104EC00047FB2B6E93F91000FFF7F2FA287D02F0F2
:104ED000A1FD20B140F29721144801F0FDFE287D8C
:104EE000FCF734FE20B140F29B21104801F0F4FEA3
:104EF000FCF70AFE38B10E4B984204D040F29F21D5
:104F00000A4801F0E9FE0023C4E90033C4E905338F
:104F1000E3602B6E2846BDE87040DB68184740F21E
:104F20006621024801F0D8FE0F2070BD1B8F0008DB
:104F3000058000F0F8B517461C46564A8B6B069D57
:104F40001A60554A5A6000229A60544ADA600A464A
:104F50002946FFF7F9FE0646002840F094802368B2
:104F60000121C5F8A03063683A20C5F8A430637AFF
:104F700085F8A930237A85F8A830E37A85F8AB3034
:104F8000A37A85F8AA30637B85F8AD30237B85F85A
:104F9000AC30E37B85F8AF30A37B85F8AE30FDF70E
:104FA00081FA01230422617A207AFEF7D1FA0123E3
:104FB0000222E17AA07AFEF7CBFA01216068FDF7C0
:104FC00071FA3E7039462068FEF75EFD1420617C60
:104FD000334B01F1410252019850607A227A03EB7F
:104FE000411342EA0042C3F83828E17AA27A42EA41
:104FF0000142C3F8302885F8B0607B7E032B46D889
:10500000DFE803F03943021C022385F8B0300023A7
:105010000422E17BA07BFEF79BFA0220617C204BFF
:1050200001F1C1025201985003EB411341F62C01EA
:10503000E07BA27B42EA00425A501CE0012785F83F
:10504000B03002220023617B207BFEF781FA617B76
:10505000227B637C42EA014241F628015B0103F1B5
:10506000A04303F570335A500422236803F580539C
:10507000DA65002FCBD120680A4A00F500530521DC
:105080009A64FEF79BFC3046F8BD0027D7E723263D
:10509000F9E700BFBB71000845720008CF71000836
:1050A00000C00350FFFF0100F421014801F014BECD
:1050B000AD8F00080346054A0549106803448B423A
:1050C0008CBF4FF0FF301360704700BF48170020BF
:1050D0000000082070B503F03FF8144E0546347800
:1050E000FCB9134B1C60134B1C60134B1C6000F08D
:1050F00047F8012003F0DAF802F0BCFF0F4B02463C
:10510000186020B9284603F022F8232070BD2346FA
:1051100040F2E7310A4801F051F90A4B18600123C7
:105120003370284603F013F80020EFE7141700202F
:10513000E4140020E0140020EC140020E814002007
:1051400018FCFFFFDC140020012300B58DB08DF8A2
:105150000F3002F0AFFE00230146CDE90033074ACD
:105160000DF10F0304A803F06DF818B99DF80F3086
:10517000002BFBD10DB05DF804FB00BF3F8200089F
:1051800010B5002486B01422214601A88DF80040F5
:1051900002F0C0FA012313488DF8043002F0E7FF53
:1051A000BFF34F8F6846FEF7E9FF204601A98DF84F
:1051B0000440FEF7F5FF20460F2102F00BFD0F2102
:1051C000204602F015FDFEF7BFFF02F0D9FC064BAA
:1051D00053209C61FFF7BCF95320FFF787F906B015
:1051E00010BD00BF408D000800C00A5010B5044635
:1051F00002F092FB4FF47A729042B0FBF2F105D2CA
:105200003621BDE810400C4801F066BD0B4BB3FBE6
:10521000F1F30B49884201D93C21F2E702FB04F08B
:10522000B0FBF3F0022806D9BDE810400323B0FB21
:10523000F3F0FAF7C5BF10BDD190000840420F004F
:10524000E7CD9A3B2DE9F04F9B4691B00B1E0A9398
:10525000AD4B904614BF8146994600241A9E9BF898
:10526000000070B9444538BF224643464FF0000065
:105270000A9928BF08F1FF32C847204611B0BDE89F
:10528000F08F25280BF1010B06D0224643460A99E0
:10529000651CC8472C46E2E700230DE02D2A2AD0E2
:1052A000302A06D0303A092A4FF0000711D80A25D3
:1052B00032E043F001038B46594611F8012B2B2AAB
:1052C0001CD0EBD8202A1CD0232A1DD02A2A2BD070
:1052D00000279BF800202E2A64D19BF801100BF1C7
:1052E0000102A1F13000092843F4806351D8002560
:1052F0004FF00A0C26E043F00203DCE743F004031E
:10530000D9E743F00803D6E743F01003D3E78B4611
:1053100005FB0722A2F13007594611F8012BA2F133
:1053200030000928F3D9D4E756F8047B8B46002FC8
:10533000BCBF43F002037F42CBE702460CFB0511E2
:10534000A1F13005104610F8011BA1F1300EBEF19D
:10535000090FF2D9114611F8010B6C282CD024D872
:10536000682830D06A2837D011468B461BF8010BCD
:10537000672875D857284BD8452807D085D946289F
:1053800000F03281472880D143F4006343F02003CA
:1053900040E12A2907D156F8045B0BF1020225EA05
:1053A000E575D7E75A460025D4E7742801D07A2856
:1053B000DAD143F48073D8E750786C28F9D143F4FC
:1053C0004073911CD1E75078682802D043F08003E5
:1053D000CBE743F0C003F4E743F40073C5E70A2AC0
:1053E00000F06381072A7FF450AF43F02103059357
:1053F0000823CDE903531023CDE9011356F8043BEC
:1054000022460093484643460A9902F046F8FBE0DC
:10541000A0F158020F2A3FF638AF01A151F822F04F
:10542000915400088B5200088B5200088B520008E0
:105430008B5200088B5200088B5200088B520008D8
:105440008B5200088B520008915400083356000814
:10545000915400080D560008ED5500080D5600083F
:10546000A0F16902D2B20F2A3FF60FAF012149F233
:10547000410C914011EA0C01B1D0782803F480610D
:1054800022D1002900F0918023F00D02102307E0C3
:10549000622803F4806220D142BB23F00C02022375
:1054A00012F4007100F08480CDE907720022CDE98A
:1054B000043206F1070A2AF0070A06950292FAE872
:1054C0000223CDE900233DE06F2812D123F00C0226
:1054D00009B123F00D020823E2E7582816D1002A6B
:1054E00039D123F00C0242F02002CFE723F00D0265
:1054F000D5E7692823F0100230D023F01C0209B14F
:1055000023F01D020A23CBE7D972000842BB23F027
:105510001002930527D5073626F00706B2467168B4
:105520005AF8083B0A26CDE907720027CA0F00295E
:10553000CDE904670695029202DA5B4261EB410114
:10554000CDE900314346224648460A9901F0E8FF7A
:105550000446564683E623F00D02C4E70029D8D05E
:1055600023F01102D5E7D00506F1040A01D533680E
:1055700003E0510614D596F90030CDE904720A22F1
:10558000002B02924FEAD37203950192B8BF5B429F
:1055900000934346224648460A9901F07EFFD7E72A
:1055A0001306E4D5B6F90030E7E723F00C026DE707
:1055B000D00506F1040A06D5CDE90472CDE902351D
:1055C00001913368E4E7510608D53178CDE9023519
:1055D0000023CDE90472CDE90013DAE7316812F057
:1055E000800F18BF89B2F1E743F02003CDE90173C2
:1055F000073626F007060095B6EC020B4346224616
:1056000048460A99FAF79CFF044628E6672801D124
:1056100043F40063CDE90173073626F007060095D1
:10562000B6EC020B4346224648460A99FAF7CCFDEF
:10563000EAE713F0020523D04FF0010A631C0B9335
:10564000224643460A9916F8040BC8475DB35446F0
:105650000B9A1EE0434620200A99C8470AEB040231
:105660000AF1010ABA45F5D3002F07F1FF3308BF4D
:10567000002307F1010A1C4408BF4FF0020ADDE7CE
:10568000AA46EBE7551C434620200A99C8472A46FC
:105690000134BC42F6D3A7EB0A03574538BF0023B9
:1056A0000B9A1A440B920B9CD9E53246002D52F806
:1056B000046B14BF29464FF0FF310B923246314440
:1056C000107808B18A4211D1A2EB060A13F4806265
:1056D0000C9202D0AA4528BFAA4613F002030D93EC
:1056E0001BD1AAEB040322460F9308E00132E7E73F
:1056F000531C0E93202043460A99C8470E9A0F9BCD
:10570000D3189F42F4D8A7EB0A03574538BF0023AC
:105710000AF101021C4403EB020AA31B0E9304E0EE
:105720001D46434622460A99C8470E9B9C1916F807
:10573000010B28B10C9B002BF3D06B1E002DEFD179
:105740000D9B93B12246AAEB040505E0561C434687
:1057500020200A99C84732465319BB42F6D3A7EB1B
:105760000A03574538BF00231C440B9E77E500BF52
:105770000FB41FB506AA52F8043B02A90392009287
:1057800004484FF0FF32FFF75DFD05B05DF804EB14
:1057900004B07047BF7500080C23F0B58DB08DF8CC
:1057A0000730164B002402930DF1070303930123E6
:1057B000134F06460D46386802A9CDF81240CDF8C1
:1057C0001640ADF81A40ADF81030FCF721F898B942
:1057D0000C4BCDF82600CDF82A00ADF82E0007A915
:1057E0003868CDE90736ADF82450FCF711F8B0FA67
:1057F00080F040090DB0F0BD2046FBE7AE0001008F
:1058000060170020AE000200264B30B51868002358
:105810000222194689B0806801F03AF82248FFF761
:10582000A7FF2248FFF7A4FF214C224D012103A826
:10583000FFF7B2FF58B32048FFF79AFF1F48FFF762
:1058400097FF1F48FFF794FF1E48FFF791FF2023A3
:10585000ADF8043001238DF806300023CDF8163062
:10586000CDF81A30ADF81E30174B03A9039301ABE6
:1058700004930323ADF81430144B1868FBF7C8FFEA
:105880004FF47A6009B0BDE83040FFF75DBC2046B8
:10589000FFF76EFF2846FFF76BFF4FF47A70FFF7B4
:1058A00053FCC3E78C170020C0910008C891000882
:1058B000EE9100080992000828920008479200081B
:1058C000579200087C920008AE000100601700208B
:1058D000002337B508216846CDE90033FFF75CFFA8
:1058E0009DF80040DDF80230002C08BF4FF0FF3477
:1058F00012481DBA2BB9FFF73BFF1148FFF738FFDD
:1059000007E0FFF735FF002DF7DD29460D48FFF7CB
:105910002FFF002C0DDD21460B48FFF729FF0B4818
:10592000FFF726FF4FF47A6003B0BDE83040FFF781
:105930000BBC0748FFF71CFFF1E700BF9F92000870
:10594000CB920008B8920008E79200080D93000877
:10595000F592000808B5044802F009FCBDE80840CB
:105960000248FBF7D9BE00BF588D00084C17002035
:10597000064B1B681A7A022A04D812B11B68044A23
:1059800013607047032AF9D0704700BF64170020E6
:10599000F014002070B5244DA8B012AC0FCD0FC488
:1059A00095E80700292384E8070000241F4ACDE971
:1059B0000944CDE903231E4B0B94CDE905344FF484
:1059C000802319AD089308AE0FCECDE90E4407949D
:1059D00010940FC5174B0DAE2B60174B1EAD0D93DA
:1059E0000FCE0FC52021154B15482B60154B12AA61
:1059F0002393154B2694CDE92413144B19A927930F
:105A0000134B009303ABFFF795FA044618B19B21A3
:105A1000104801F061F900214FF4E13001F0A5F9DF
:105A2000204628B070BD00BF9493000800000A50C3
:105A30000102010324000A50020004003C000A5045
:105A4000A81500201517002000010100781700207C
:105A5000F41400202893000808B5FFF79BFF28B135
:105A6000BDE80840CB21024801F036B908BD00BFAF
:105A7000289300080148FFF717BB00BFA8150020B6
:105A800081F0004102E000BF83F0004330B54FEAEF
:105A900041044FEA430594EA050F08BF90EA020F5C
:105AA0001FBF54EA000C55EA020C7FEA645C7FEAEF
:105AB000655C00F0E2804FEA5454D4EB5555B8BF12
:105AC0006D420CDD2C4480EA020281EA030382EA83
:105AD000000083EA010180EA020281EA0303362D15
:105AE00088BF30BD11F0004F4FEA01314FF4801CE8
:105AF0004CEA113102D0404261EB410113F0004FFA
:105B00004FEA03334CEA133302D0524263EB4303B0
:105B100094EA050F00F0A780A4F10104D5F1200E4E
:105B20000DDB02FA0EFC22FA05F2801841F10001A9
:105B300003FA0EF2801843FA05F359410EE0A5F17D
:105B400020050EF1200E012A03FA0EFC28BF4CF0AE
:105B5000020C43FA05F3C01851EBE37101F0004564
:105B600007D54FF0000EDCF1000C7EEB00006EEB71
:105B70000101B1F5801F1BD3B1F5001F0CD34908FB
:105B80005FEA30004FEA3C0C04F101044FEA445252
:105B900012F5800F80F09A80BCF1004F08BF5FEAD9
:105BA000500C50F1000041EB045141EA050130BDB9
:105BB0005FEA4C0C404141EB0101013C28BFB1F5CB
:105BC000801FE9D291F0000F04BF01460020B1FA16
:105BD00081F308BF2033A3F10B03B3F120020CDAE9
:105BE0000C3208DD02F1140CC2F10C0201FA0CF0C7
:105BF00021FA02F10CE002F11402D8BFC2F1200C2C
:105C000001FA02F120FA0CFCDCBF41EA0C019040E1
:105C1000E41AA2BF01EB0451294330BD6FEA04042A
:105C20001F3C1CDA0C340EDC04F11404C4F1200215
:105C300020FA04F001FA02F340EA030021FA04F327
:105C400045EA030130BDC4F10C04C4F1200220FA7E
:105C500002F001FA04F340EA0300294630BD21FABC
:105C600004F0294630BD94F0000F83F4801306BF82
:105C700081F480110134013D4EE77FEA645C18BF76
:105C80007FEA655C29D094EA050F08BF90EA020F0D
:105C900005D054EA000C04BF1946104630BD91EA05
:105CA000030F1EBF0021002030BD5FEA545C05D108
:105CB0004000494128BF41F0004130BD14F5800447
:105CC0003CBF01F5801130BD01F0004545F0FE41BB
:105CD00041F470014FF0000030BD7FEA645C1ABFF0
:105CE000194610467FEA655C1CBF0B46024650EA27
:105CF000013406BF52EA033591EA030F41F4002153
:105D000030BD00BF90F0000F04BF0021704730B5D8
:105D10004FF4806404F132044FF000054FF00001AD
:105D200050E700BF90F0000F04BF0021704730B56E
:105D30004FF4806404F1320410F0004548BF404243
:105D40004FF000013EE700BF42004FEAE2014FEA98
:105D500031014FEA02701FBF12F07F4393F07F4F73
:105D600081F06051704732F07F4208BF704793F076
:105D70007F4F04BF41F40021704730B54FF4607489
:105D800001F0004521F000411CE700BF50EA01028C
:105D900008BF704730B54FF000050AE050EA010235
:105DA00008BF704730B511F0004502D5404261EBA5
:105DB00041014FF4806404F132045FEA915C3FF4E6
:105DC000D8AE4FF003025FEADC0C18BF03325FEA83
:105DD000DC0C18BF033202EBDC02C2F1200300FA34
:105DE00003FC20FA02F001FA03FE40EA0E0021FA59
:105DF00002F11444BDE600BF70B54FF0FF0C4CF447
:105E0000E06C1CEA11541DBF1CEA135594EA0C0FF8
:105E100095EA0C0F00F0DEF82C4481EA030621EA33
:105E20004C5123EA4C5350EA013518BF52EA03356E
:105E300041F4801143F4801338D0A0FB02CE4FF020
:105E40000005E1FB02E506F00042E0FB03E54FF050
:105E50000006E1FB03569CF0000F18BF4EF0010E48
:105E6000A4F1FF04B6F5007F64F5407404D25FEA44
:105E70004E0E6D4146EB060642EAC62141EA5551F7
:105E80004FEAC52040EA5E504FEACE2EB4F1FD0C39
:105E900088BFBCF5E06F1ED8BEF1004F08BF5FEAB7
:105EA000500E50F1000041EB045170BD06F0004669
:105EB00046EA010140EA020081EA0301B4EB5C0416
:105EC000C2BFD4EB0C0541EA045170BD41F480110E
:105ED0004FF0000E013C00F3AB8014F1360FDEBF33
:105EE000002001F0004170BDC4F10004203C35DA0F
:105EF0000C341BDC04F11404C4F1200500FA05F392
:105F000020FA04F001FA05F240EA020001F0004232
:105F100021F0004110EBD37021FA04F642EB0601A8
:105F20005EEA430E08BF20EAD37070BDC4F10C04D2
:105F3000C4F1200500FA04F320FA05F001FA04F296
:105F400040EA020001F0004110EBD37041F1000182
:105F50005EEA430E08BF20EAD37070BDC4F120058D
:105F600000FA05F24EEA020E20FA04F301FA05F2F5
:105F700043EA020321FA04F001F0004121FA04F29D
:105F800020EA020000EBD3705EEA430E08BF20EA6D
:105F9000D37070BD94F0000F0FD101F000464000A7
:105FA00041EB010111F4801F08BF013CF7D041EA29
:105FB000060195F0000F18BF704703F0004652002D
:105FC00043EB030313F4801F08BF013DF7D043EAFE
:105FD0000603704794EA0C0F0CEA135518BF95EAB4
:105FE0000C0F0CD050EA410618BF52EA4306D1D13B
:105FF00081EA030101F000414FF0000070BD50EA5A
:10600000410606BF1046194652EA430619D094EAE3
:106010000C0F02D150EA013613D195EA0C0F05D1CD
:1060200052EA03361CBF104619460AD181EA030121
:1060300001F0004141F0FE4141F470014FF00000D9
:1060400070BD41F0FE4141F4780170BD70B54FF074
:10605000FF0C4CF4E06C1CEA11541DBF1CEA1355F4
:1060600094EA0C0F95EA0C0F00F0A7F8A4EB0504D6
:1060700081EA030E52EA03354FEA013100F08880CD
:106080004FEA03334FF0805545EA131343EA126396
:106090004FEA022245EA111545EA10654FEA00264B
:1060A0000EF000419D4208BF964244F1FD0404F504
:1060B000407402D25B084FEA3202B61A65EB030560
:1060C0005B084FEA32024FF480104FF4002CB6EB1D
:1060D000020E75EB030E22BFB61A754640EA0C009D
:1060E0005B084FEA3202B6EB020E75EB030E22BFDD
:1060F000B61A754640EA5C005B084FEA3202B6EB1E
:10610000020E75EB030E22BFB61A754640EA9C00DC
:106110005B084FEA3202B6EB020E75EB030E22BFAC
:10612000B61A754640EADC0055EA060E18D04FEA6A
:10613000051545EA16754FEA06164FEAC30343EA0A
:1061400052734FEAC2025FEA1C1CC0D111F4801FD7
:106150000BD141EA00014FF000004FF0004CB6E7D0
:1061600011F4801F04BF01430020B4F1FD0C88BF6F
:10617000BCF5E06F3FF6AFAEB5EB030C04BFB6EB7A
:10618000020C5FEA500C50F1000041EB045170BD6D
:106190000EF0004E4EEA113114EB5C04C2BFD4EB9A
:1061A0000C0541EA045170BD41F480114FF0000E1E
:1061B000013C90E645EA060E8DE60CEA135594EA9A
:1061C0000C0F08BF95EA0C0F3FF43BAF94EA0C0F9D
:1061D0000AD150EA01347FF434AF95EA0C0F7FF412
:1061E00025AF104619462CE795EA0C0F06D152EA66
:1061F00003353FF4FDAE1046194622E750EA41064A
:1062000018BF52EA43067FF4C5AE50EA41047FF45A
:106210000DAF52EA43057FF4EBAE12E74FF0FF3CBF
:1062200006E000BF4FF0010C02E000BF4FF0010C90
:106230004DF804CD4FEA410C7FEA6C5C4FEA430C09
:1062400018BF7FEA6C5C1BD001B050EA410C0CBF58
:1062500052EA430C91EA030F02BF90EA020F0020BA
:10626000704710F1000F91EA030F58BF994208BF21
:1062700090422CBFD8176FEAE37040F001007047DE
:106280004FEA410C7FEA6C5C02D150EA013C07D135
:106290004FEA430C7FEA6C5CD6D152EA033CD3D080
:1062A0005DF8040B704700BF8446104662468C467A
:1062B0001946634600E000BF01B5FFF7B7FF0028AD
:1062C00048BF10F1000F01BD4DF808EDFFF7F4FFD6
:1062D0000CBF012000205DF808FB00BF4DF808ED61
:1062E000FFF7EAFF34BF012000205DF808FB00BF84
:1062F0004DF808EDFFF7E0FF94BF012000205DF8A6
:1063000008FB00BF4DF808EDFFF7CEFF94BF01205A
:1063100000205DF808FB00BF4DF808EDFFF7C4FF53
:1063200034BF012000205DF808FB00BF4FEA4102A6
:1063300012F5001215D211D56FF47873B3EB6252D7
:1063400012D94FEAC12343F0004343EA505311F0FE
:10635000004F23FA02F018BF404270474FF0000090
:10636000704750EA013005D111F0004008BF6FF0CE
:10637000004070474FF00000704700BF4A0011D244
:1063800012F5001211D20DD56FF47873B3EB62528F
:106390000ED44FEAC12343F0004343EA505323FA9B
:1063A00002F070474FF00000704750EA013002D110
:1063B0004FF0FF3070474FF00000704753B94AB9B3
:1063C000002908BF00281CBF4FF0FF314FF0FF30FD
:1063D00000F082B9ADF1080C6DE904CE00F006F8CA
:1063E000DDF804E0DDE9022304B070472DE9F04F49
:1063F000099D0C46002B4DD18A420F468446964695
:10640000B2FA82F360D94BB102FA03FEC3F1200263
:106410009F4000FA03FC20FA02F217434FEA1E469F
:106420001FFA8EF44FEA1C42B7FBF6F106FB117718
:1064300001FB04F042EA0742904208D91EEB020237
:1064400001F1FF3702D2904200F231813946121A2F
:106450001FFA8CFCB2FBF6F006FB102200FB04F4E2
:106460004CEA024C644508D91EEB0C0C00F1FF32DB
:1064700002D2644500F21E81104640EA0140ACEBB6
:10648000040C002125B12CFA03F30022C5E90032E7
:10649000BDE8F08F8B4205D90DB1C5E9000100219F
:1064A0000846F5E7B3FA83F100294DD1A342C0F0C5
:1064B000F380904280F0F080064623460846002D87
:1064C000E6D0C5E90063E3E7002B40F0A3808A1A19
:1064D0004FEA1E471FFA8EF60121B2FBF7F407FBC5
:1064E00014204FEA1C4242EA004206FB04F09042AC
:1064F0000FD91EEB020204F1FF382CBF4FF0010947
:106500004FF00009904203D9B9F1000F00F0CC80A0
:106510004446121A1FFA8CFCB2FBF7F007FB10225C
:1065200000FB06F64CEA024C664508D91EEB0C0C43
:1065300000F1FF3202D2664500F2B3801046ACEBA8
:10654000060C40EA04409DE7C1F120068B4004FAA6
:1065500001FE22FA06F720FA06FCF4408A401F43A7
:106560004EEA0C0300FA01FE4FEA17484FEA1349BE
:106570001FFA87FCB4FBF8F008FB104449EA044416
:1065800000FB0CF9A1450ED93C1900F1FF3A2CBFD4
:106590004FF0010B4FF0000BA14503D9BBF1000FE9
:1065A00000F08B805046A4EB09041FFA83F9B4FB7A
:1065B000F8F308FB134403FB0CFC49EA0444A4452C
:1065C00006D93C1903F1FF3801D2A4457BD84346D4
:1065D00043EA0040A4EB0C04A0FB02984445CC46DF
:1065E000434602D306D1CE4504D20138B9EB020CA2
:1065F00068EB0703002D6CD0BEEB0C0264EB0304C8
:1066000022FA01F304FA06F6CC4000211E43C5E944
:1066100000643DE702FA03FEC3F1200104FA03F22D
:1066200000FA03FCCC404FEA1E4720FA01F11FFAA2
:106630008EF6B4FBF7F00A4307FB1044110C41EA55
:10664000044100FB06F48C420ED91EEB010100F15F
:10665000FF382CBF4FF001094FF000098C4202D9DE
:10666000B9F1000F2CD04046091B92B2B1FBF7F4F0
:1066700007FB141142EA014204FB06F1914207D9DB
:106680001EEB020204F1FF3801D291421ED84446AB
:10669000521A44EA004120E7861A64EB0303012002
:1066A0000DE7F44402384AE7023C724431E702390C
:1066B0007244CCE6F4440238DFE602383C4472E728
:1066C00002387144D0E7023B3C4481E7023C72440B
:1066D000DEE72946DCE600BF704700BF08B5064B81
:1066E000044613B10021AFF30080044B1B6803B1D3
:1066F0009847204600F0DCFC00000000FC1600205B
:1067000070B50D4D00260D4C641BA410A64209D196
:106710000B4D00260B4C01F0F3FD641BA410A642A8
:1067200005D170BD55F8043B01369847EEE755F8A2
:10673000043B01369847F2E7F0170020F0170020DD
:10674000F0170020F4170020002310B504468360E2
:10675000818119464366C28108228361C0E9003302
:10676000C0E904335C3000F0D5FF0D4B2462636256
:106770000C4BA3620C4BE3620C4B23630C4B9C420F
:1067800006D003F16802944202D0D0339C4205D176
:1067900004F15800BDE8104000F0C4BF10BD00BFB8
:1067A0005376000875760008AD760008D1760008AB
:1067B000C4150020024A0349034800F08DBF00BF02
:1067C000DC1700207B7800089017002041680C4BF4
:1067D000994210B5044601D001F04FF8A168094B69
:1067E000994202D0204601F048F8E168064B9942F0
:1067F00004D02046BDE8104001F03FB810BD00BFF6
:10680000C41500202C1600209416002010B50B4B48
:1068100004210B4C0B4A20461A600022FFF794FF1C
:1068200004F1680001220921FFF78EFF04F1D00076
:1068300002221221BDE81040FFF786BFFC1600209F
:10684000C4150020B5670008014800F06CBF00BF08
:1068500036170020014800F067BF00BF3617002040
:1068600010B50446FFF7F0FF236A1BB1BDE81040E6
:10687000FFF7F0BF044B2362044B1B68002BF5D1DC
:10688000FFF7C4FFF2E700BFCD670008FC16002049
:106890002DE9F7431D46574B04460E461F689046A8
:1068A00027B13B6A13B93846FFF7DAFFB8F1020F98
:1068B00006D0B8F1010F00F29980002DC0F2968049
:1068C000636ED90705D4A3899A0502D4A06D00F0A0
:1068D0002AFF2146384600F0D0FF616B41B104F138
:1068E0004403994202D0384600F098F800236363CD
:1068F0000023A3616360A3891B0603D52169384681
:1069000000F08CF8A389B8F1020F23F44A6323F056
:106910000303A38160D001AB6A462146384600F0EC
:1069200004FFA3891843A0812DBB009D284600F0D9
:10693000CFF80646002851D1DDF80090A9453FD197
:106940004FF0FF35B4F90C3043F00202A28100226F
:10695000A26004F147022260226101226261626E3C
:10696000D60704D4980502D4A06D00F0DDFE2846B9
:1069700003B0BDE8F083002ED8D03B6A13B9384687
:10698000FFF76EFFB8F1010F266002BFA38943F045
:106990000103A381B4F90C3013F00802C4E90465C3
:1069A0001ED0D90745BF00226D42A560A26048BF36
:1069B000A561626ED20701D49B0513D50025D6E7E9
:1069C000484600F085F806460028B9D0A3894D4610
:1069D00043F08003A381D0E70025B3E7A946F5E79C
:1069E000A260E6E7A06D00F09FFEE7E74FF0FF35FD
:1069F000BDE700BF8C17002038B50446064D084699
:106A0000114600222A601A46FDF70CFE431C02D1F3
:106A10002B6803B1236038BD0017002038B5054648
:106A2000002941D051F8043C0C1F002BB8BFE418DA
:106A300000F026F91D4A136833B9636014602846D4
:106A4000BDE8384000F022B9A34208D920682118D7
:106A50008B4201BF19685B6809182160EDE71A468F
:106A60005B680BB1A342FAD911685018A0420BD150
:106A700020680144501811608342E0D118685B68B7
:106A8000084453601060DAE702D90C232B60D6E784
:106A9000206821188B4202BF19685B68091863607F
:106AA00008BF21605460CAE738BD00BF0817002046
:106AB00038B50023054D044608462B6000F0F6FA71
:106AC000431C02D12B6803B1236038BD001700209E
:106AD000024B0146186800F025B800BF8C17002053
:106AE00070B50F4E0C460546316811B900F0D4F868
:106AF00030602146284600F0CFF8431C03D14FF008
:106B0000FF34204670BDC41C24F00304A042F8D01A
:106B1000211A284600F0C0F80130F2D1EFE700BF9B
:106B2000041700202DE9F041CD1C064625F0030591
:106B300008350C2D38BF0C25002D01DBA94204D9E6
:106B40000C2333600020BDE8F081314F00F098F84D
:106B50003B681C4644BB29463046FFF7C1FF431C37
:106B6000044650D13C682146002941D1002C44D034
:106B70002368304604EB030800F08EF880453CD1D2
:106B8000216830466D1A2946FFF7AAFF013034D03C
:106B900023682B4423603B68002B36D05A68A242FE
:106BA00029D100225A600EE02268521B1DD40B2A04
:106BB00016D96119A342256018BF5960636808BFE0
:106BC000396062514B60304600F060F804F10B0010
:106BD000231D20F00700C21AB5D01B1AA350B2E73C
:106BE000A3426268DED13A60EDE723466468B1E70C
:106BF0000C464968B8E71346CEE70C2330463360AD
:106C000000F044F89EE70560DDE75B60FFDE00BF53
:106C10000817002038B50023064D044608461146E3
:106C20002B6000F046FA431C02D12B6803B12360AD
:106C300038BD00BF0017002038B50446064D084691
:106C4000114600222A601A4600F038FA431C02D18D
:106C50002B6803B1236038BD0017002038B5044607
:106C6000064D0846114600222A601A4600F028FA0E
:106C7000431C02D12B6803B1236038BD00170020EC
:106C8000014800F050BD00BF35170020014800F05A
:106C90004BBD00BF3517002038B50023054D044615
:106CA00008462B60FEF706FA431C02D12B6803B19D
:106CB000236038BD001700200F207047FEE7002337
:106CC0009A4200D1704710B550F8234041F8234054
:106CD00001339A42F8D110BDFEE7002303607047EC
:106CE00070B5002506462C46052C20D8DFE804F0B8
:106CF00003070B0F13175B210820F9F753FF0C2133
:106D00000820F9F74FFFD1210820F9F74BFF802128
:106D10000820F9F747FF00210820F9F743FF6C1C12
:106D20002946E4B208202546F9F73CFF0624A4F1E1
:106D30000E03012B05D85A210820F9F733FF01343F
:106D4000D2E7102C05D1BDE870405D210820F9F78D
:106D500029BFB31F195DEFE708B5082000F013F84D
:106D6000BDE80840082000F019B8012307B520F05D
:106D70007F4040EA8170019068460093FFF7B0FFC2
:106D800003B05DF804FB4FF060420123D2F8001E0F
:106D900083400B430020C2F8003E70474FF0604133
:106DA0000122D1F8003E824023EA02030020C1F80C
:106DB000003E704708B501F069FABDE8084001F0EF
:106DC0008BB8002313B504460DF10601C0688DF899
:106DD00006308DF8073000F03DFE28B99DF80630EA
:106DE00013B1E06800F016FE20690DF1070100F014
:106DF00031FE28B99DF8073013B1206900F00AFE72
:106E000002B010BD2DE9F743884616461F460446DA
:106E100010B30AB305790DBB13B3B1F5806F1FD260
:106E200001F09AF9A4F8068081466567204684F847
:106E30007E50F9F775FF0A9B2046CDE900533A468C
:106E40002B463146F9F7E6FF0446484601F07FF944
:106E5000204603B0BDE8F0832224F9E72424F7E7B5
:106E60002124F5E72DE9F7430F4615461E46044653
:106E700030B32AB390F80490B9F1000F22D11BB3BC
:106E8000B1F5806F20D201F067F90123804684F8C4
:106E90007E302046E780C4F87890F9F741FF0A9BDE
:106EA0002046CDE900634A462B464946F9F7B2FF32
:106EB0000446404601F04BF9204603B0BDE8F0839C
:106EC0002224F9E72424F7E72124F5E72DE9F74FF9
:106ED0000F46DDE90CAB15461E46044660B35AB3B7
:106EE000BAF1000F28D090F80490B9F1000F25D125
:106EF00033B3BBF1000F23D0B1F5806F20D201F086
:106F00002BF90223804684F87E302046C4E91D997F
:106F1000E780F9F705FF0E9B2046CDE900B3324626
:106F200053462946F9F776FF0446404601F00FF92B
:106F3000204603B0BDE8F08F2224F9E72424F7E7C8
:106F40002124F5E70020FAF7D1BA0120FAF7CEBAEA
:106F50000220FAF7CBBA10B588B004460E9800921A
:106F600007900D98224606909DF8300005900B98EA
:106F700004909DF8280003900020CDE901300B46D5
:106F80000121FAF7D3FC08B010BD70B505461446D0
:106F90000E4601F0D8F82B685C4034405C402C6011
:106FA000BDE8704001F0CAB808B500F0C7FCBDE804
:106FB00008400021FBF74ABA0029CCBF012100217B
:106FC000FBF744BA02214FF42070FBF701BF704772
:106FD000704770B5054614460E4601F0B4F82B68AC
:106FE0005C4034405C402C60BDE8704001F0A6B8C5
:106FF00083695B06FCD5C163704770B505461446CE
:107000000E4601F0A0F82B685C4034405C402C60D8
:10701000BDE8704001F092B80369DA0744BF20234D
:10702000C360C023C3604369DB0502D42021FCF7A1
:10703000D3BE436AF7E7704700F000B800207047FE
:10704000FDF7D0B870B50C46154610B9FDF7DEFA5D
:1070500038B143682BB12A462146BDE8704000682C
:107060001847232070BDF7B50D4616461C4648B19B
:1070700003B901ACC7685FB12346324629460068B0
:10708000B84706E0FDF7C2FA04B901AC0028F1D117
:10709000232003B0F0BD07B501228DF807100DF1D4
:1070A0000701FFF7CFFF03B05DF804FB0020704736
:1070B000FEE74FF4005300204B60704700207047FC
:1070C00007B5002001AB0190FFF7CDFF0198002824
:1070D00008BF4FF0FF3003B05DF804FB80F8951057
:1070E000704790F89500704792F8543037B51446C1
:1070F00033B1936D0BB1D06D9847002384F85430B1
:1071000094F896301BB32046FDF7B6FAF8B1236E1B
:10711000132120465B6898471025236E20461B6884
:107120000DF10701984778B99DF8073003F0FD028B
:10713000112A05D1A3F111025342534184F89C3026
:10714000013D15F0FF05E8D12046FDF719FB0020B1
:1071500084F8540003B030BD90F8943070B5054603
:107160000C46C3B10B69B3F5006F16D800F0F4FFFD
:1071700095F88C30064665614BB1214605F19000CB
:10718000F9F788FC304600F0E2FF002070BD204691
:10719000FDF7BCFAF6E70E20F8E72120F6E738B550
:1071A00048B10024056800F0D7FFC5E9164400F097
:1071B000CEFF204638BD2220FCE7D0F8A0309A69E7
:1071C000120643BF5B6A00200B701B20704710B58E
:1071D0000446D0F8A02093695906FCD5002394F802
:1071E000A9101A4694F8A800FCF7B2F9002394F805
:1071F000AB101A4694F8AA00FCF7AAF994F8B0303C
:10720000DA0707D5002394F8AD101A4694F8AC00BD
:10721000FCF79EF994F8B0309B0707D5002394F84B
:10722000AF101A4694F8AE00FCF792F9D4F8A0001B
:107230000021FCF7C3FBD4F8A4000021FBF732F9CE
:10724000002010BD08B5D0F8A000FFF7D1FE002047
:1072500008BD70477047704708B500F0BDF900F0F1
:10726000C5F900F0CEF9FFF7F6FF00F0D3F9BDE85D
:10727000084000F0D0B908B5FFF7DDFEFFF7E9FFE1
:10728000FDF79EF9FDF7ECF8FFF7DAFEFDF7FEF8E3
:10729000FDF720FFFFF7DEFF00F007F800F0A5F98B
:1072A000BDE80840FFF7D8BF704708B500F090F977
:1072B00000F08FF900F08EF900F08DF9FFF7F4FF80
:1072C00008BD08B500F0A8F900F0A7F900F0A6F98C
:1072D000BDE8084000F0A3B970472DE9F84F984683
:1072E000DDE90B490D9B15469A0706460F4623D04C
:1072F0002A460A9B03EB040A1444A24220D10D9BA8
:107300009B0705D5A2EB050AD14505EB0A0420D859
:107310002046BDE8F88F434639462020B0470AF1A1
:10732000010ACA450AEB0B02F5D3A9EB04024C454E
:1073300088BF00222A44DCE7A246A5EB040BF0E755
:1073400002F1010B434639461AF8010DB0475A467F
:10735000D3E74346224639462020B0470AF1010AC6
:10736000D2E72DE9F0479E46DDE90D3CDDE90874E2
:10737000DDE90B651CF0020F9DF828801FD10CF091
:1073800001094BB1B9F1000F06D0B8F1000F02D1DD
:107390001CF00C0F00D0013B4FF0300A02E007F860
:1073A00004A00134A54201D9202CF8D1B9F1000F75
:1073B00005D04FF03009A34201D9202C1BD11CF07D
:1073C000100F15D01CF4806F32D1C4B1AC4201D083
:1073D0009C422DD1651E12D0102E3FD11CF0200FE3
:1073E000A4F1020456D178263E5530266C1C7E55F9
:1073F000202C29D00DE007F804900134DBE7102E93
:1074000010D11CF0200F2FD178243C7030247C70D8
:107410000224B8F1000F31D02D253D55013414E080
:107420006224F2E7022EFBD030243C700124F0E706
:10743000102E1BD11CF0200F2AD1202C04D078262E
:10744000651C3E55202DD0D12024CDE90A3CCDE944
:1074500008747346BDE8F047FFF73FBF022EC4D162
:1074600062247C550135EDE75824CEE7022E03D186
:10747000202CE9D02546F3E72546E3E71CF0040F6E
:1074800001D02B25C9E71CF0080FDED02025C4E76A
:10749000202CD9D05826651CD3E72DE9F04391B0B4
:1074A000189D1A9F1D9E2DB926F0100416F4806FAA
:1074B000264622D116F0200F14BF4FF0410E4FF098
:1074C000610EAC4600250DF12008AEF10A0EBCFBA2
:1074D000F7F907FB19C95FFA89F4B9F1090F94BFED
:1074E00030347444E4B2BC4508F8014B05F10105A1
:1074F000BCFBF7F401D3202D10D11C9C06960594FB
:107500001B9CCDE903749DF86440CDE9015408AC9F
:107510000094FFF726FF11B0BDE8F083A446D6E73C
:107520002DE9F04F95B0CDE90A23DDE91E76DDE9BE
:10753000229B57EA0603CDE90801269C05D124F0D9
:10754000100314F4806F1C4637D114F0200F14BFC1
:107550004123612300250DF1300AA3F10A083146C9
:107560004A465B463846FEF729FFD2B2092A94BF45
:10757000303242444F45D2B276EB0B0605F101059D
:107580000AF8012B01D3202D14D1259B06940593D5
:10759000249BDDE90801CDE903939DF88030CDE916
:1075A00001530CAB0093DDE90A23FFF7DAFE15B0B7
:1075B000BDE8F08F07460E46D1E70025E5E708B1A4
:1075C00000F001B8704701460020FFF764BD704726
:1075D000704770477047704708B5F9F7C7F9FFF76C
:1075E0002BFDBDE80840F9F7B7B9704708B5F9F7C2
:1075F00073FAF9F723FBFEF7ADF9BDE80840FFF792
:10760000ABBB08B5FFF758FBFEF726FABDE808400C
:10761000FEF7AEB9704770477047704770477047C4
:10762000FEF728BA08B5FFF726FEFEF7EDF8FFF7DC
:1076300048FEFEF74DF9FAE70A44431E914200D195
:10764000704710B511F8014B914203F8014FF9D181
:1076500010BD10B50C46B1F90E10FFF7FFFA002867
:10766000ABBF636DA3891B1823F48053ACBF636564
:10767000A38110BD2DE9F0411F468B8905460C46BC
:10768000DB05164605D502230022B1F90E10FFF7DF
:10769000D3FAA3893246B4F90E10284623F4805356
:1076A000A3813B46BDE8F041FFF7A6B910B50C46F3
:1076B000B1F90E10FFF7C0FA431CA38915BF60652E
:1076C00023F4805343F48053A38118BFA38110BDDA
:1076D000B1F90E10FFF7ECB92DE9F84307468846DB
:1076E00014460026D4E90195B9F1010905D52468AD
:1076F000002CF7D13046BDE8F883AB89012B07D9C0
:10770000B5F90E30013303D029463846C047064349
:107710006835E9E702440346934200D1704703F815
:10772000011BF9E770477047704770B50C46B1F917
:107730000E1096B0154600291E460CDAA3890021CA
:1077400013F0800F14BF40234FF48063002031609A
:107750002B6016B070BD6A46FFF75CFA0028EDDBBF
:10776000019901F47041A1F50053594259414FF478
:107770008063EBE7B1F90C202DE9F04117070546CE
:107780000C4656D44B68002B02DC0B6C002B3DDD05
:10779000E66A002E3AD0002312F480522F68216A44
:1077A0002B6025D0626DA389580705D56368D21A6E
:1077B000636B0BB1236CD21A216A0023E66A284658
:1077C000B047411C24D00023636023692360A38950
:1077D000DA0400D56065616B2F60B9B104F1440330
:1077E000994202D02846FFF719F9002363630DE0A0
:1077F00001232846B047461C0246D4D12B68002BF3
:10780000D1D01D2B01D0162B2AD12F6000202EE0C5
:107810002A68B4F90C3042B11D2A01D0162A21D1B0
:107820000023636023692360D5E7626022692260D8
:10783000CEE70F69002FE9D093070E680F600CBFE9
:107840004B690023A6EB07088B60B8F1000FDDDD64
:1078500043463A46216A2846A66AB047002808DC13
:10786000B4F90C3043F040034FF0FF30A381BDE882
:10787000F0810744A8EB0008E7E738B50B69054637
:107880000C4613B90025284638BD18B1036A0BB958
:10789000FEF7E6FFB4F90C30002BF3D0626ED00790
:1078A00004D4990502D4A06DFFF73DFF2846214678
:1078B000FFF760FF636E0546DA07E4D4A3899B05F2
:1078C000E1D4A06DFFF730FFDDE70000014B186841
:1078D000704700BF3C1700200A4B1B6F03F00703E3
:1078E000013B032B03D8DFE803F00A030608FEE799
:1078F000054B18687047054BFBE70548704705487E
:10790000704700BF008000503C1700204417002043
:1079100080D54302002D310108B5FFF7DDFF054B8F
:107920001B6FC3F303330133B0FBF3F0024B18605A
:1079300008BD00BF00800050381700200048704785
:1079400000B4C40400487047002D3101014B186891
:10795000704700BF441700200048704780D543029D
:107960004FF400221B4B5A664FF0B4439868C0F3A3
:1079700004400C280AD8DFE800F00B0709092709A2
:10798000191B1D1F21232500134870470020704735
:107990009B6803F04073B3F1807F17D0B3F1007F91
:1079A00016D00E4A002B08BF104670470C4870478F
:1079B0000C4870470C4870470C4870470C4870479B
:1079C0000C4870470C4870470C4870470C4870478B
:1079D0000C48704700900050404B4C0000093D009F
:1079E000405DC6000024F400C0EA2101002D3101F1
:1079F00080BA8C010048E801005A62028096980023
:107A000080841E0040420F00014B1868704700BF81
:107A1000401700200A4A08B5127852B107280AD840
:107A2000084A02EB00131B7B3BB1FBF7D5FE00209D
:107A300008BD0548FCE70548FAE70548F8E700BF38
:107A40000D17002058140020028000F0018000F083
:107A5000078000F00C4B1B787BB107280FD871B161
:107A60000A4B03EB00131B7B5BB1094BDB6AC34082
:107A700003F0010300200B7070470648704706486A
:107A800070470648704700BF0D17002058140020AB
:107A900000000450028000F0018000F0078000F038
:107AA0000B4A10B512780C4662B107280CD859B1B0
:107AB000084A02EB00131B7B43B1FBF7A9FE2070C1
:107AC000002010BD0448FCE70448FAE70448F8E742
:107AD0000D17002058140020028000F0018000F0F3
:107AE000078000F00B4A10B512780C4662B10728E7
:107AF0000CD859B1084A02EB00131B7B43B1FBF7CA
:107B0000A9FE2060002010BD0448FCE70448FAE705
:107B10000448F8E70D17002058140020028000F0F8
:107B2000018000F0078000F010B5044620B94FF442
:107B3000D8711048FFF7D0F82378C3B1013BDBB20E
:107B4000022B06D80C4A32F813306278D340DB0798
:107B500004D440F2B3110748FFF7BEF8012263785E
:107B600021789A4030235943044B5A5010BDFF23CB
:107B7000EBE700BFE7880008028A000840D0035006
:107B8000034B5A68D20702D5DA69002AF9D1704747
:107B900000C00A5038B9064B5A68D20702D59A6D10
:107BA000002AF9D170473A210248FFF795B800BF83
:107BB00000C00A50288B000810B9044B5964704764
:107BC00040F2A9110248FFF787B800BF00D00A5061
:107BD000288B000810B9044B5964704740F2DF113C
:107BE0000248FFF779B800BF00E00A50288B000870
:107BF00010B9044B1964704740F215210248FFF791
:107C00006BB800BF00E00A50288B000808B510B917
:107C1000044B186C08BD044840F24A21FFF75CF899
:107C20000020F7E700C00A50288B000838B504464A
:107C30000D46FFF7AFFF14B91DB1012D04D0002090
:107C400001E0034BD86C38BD014B186DFBE700BF5A
:107C500000C00A5070B506460D461446FFF79AFF5D
:107C600016B915B1012D03D070BD034BDC64FBE7E1
:107C7000014B1C65F8E700BF00C00A5070B50D4607
:107C800008B3036813F4E07F03F03F06C3F38212E6
:107C900012D0012A12D0022A15D10C4C9B0603D512
:107CA00091210B48FFF718F855B104F580540123D2
:107CB0000020B340236070BD064CEFE7064CEDE7B3
:107CC00004F50054F3E70E20F5E700BF6C80005088
:107CD000DE870008648000506880005030B50E4C8C
:107CE000416123688BB9206083600DE0891A9A682E
:107CF0001D4641616AB113465A698A42F6D935B1C7
:107D0000A860521A83605A6130BD0025F4E72060F4
:107D1000F7E798608260F7E7E41400200D490B68EC
:107D2000A0B10022A3B1834203D1836822B90B60C2
:107D300003E01A469B68F5E7936083680BB900205F
:107D400070475A6941690A445A61F8E7222070472E
:107D500002207047E414002038B500F083F90025B4
:107D6000084B094C1A682368C31A2AB123B1516918
:107D7000994203D3C91A5161206038BD55615B1A1D
:107D80009268F2E7E4140020E014002038B5154DA5
:107D90002B682BB35B69A3B1134A022014681C44FF
:107DA00000F084FA204600F071F900230F492A6898
:107DB0000B7022B1D08880070AD501230B700020F8
:107DC00038BD022000F072FA022000F0A9F9ECE7B9
:107DD0009268002AF3D050690344012BEAD9EEE7F8
:107DE0002220EDE7E4140020E01400201317002007
:107DF00070B516469DF81420C0E903360271049A46
:107E0000BDF818300260002204460D468260C3802F
:107E1000EEB900F027F92844A0619DB12E4600F08C
:107E200092F90546FFF798FF31462046FFF756FFC7
:107E3000104B1B68A34201D1FFF7A8FF284600F0B2
:107E40007DF902E0E36865617BB9002070BD00F058
:107E500009F93044A061002DE0D1E3686561002B91
:107E6000DDD0204621689847D9E720462168984709
:107E7000EBE700BFE414002038B50C460546A8B176
:107E8000A1B100230B7000F067F90121084B1B68BA
:107E900033B900F05CF9002038BD9D4204D1217057
:107EA0002278002AF9D0F4E79B68F1E72220F3E773
:107EB000E414002038B50021044640F2E730054BB9
:107EC0004FF47A721D680023E5FB0401FEF776FA91
:107ED00038BD00BFE81400200F4B10B51A689AB1E6
:107EE0004FF47A71531E1342A0FB01010ED1B2FA76
:107EF00082F2C2F11F04531CD243E04001FA03F3A3
:107F0000184321FA02F20243104610BD0023FEF787
:107F100055FA0246F8E700BFE8140020C2072DE931
:107F2000F843044607D54B4A136801331360FFF743
:107F300013FFFFF72BFFA30740F18A8000F00CF935
:107F40004FF0000805464646FFF706FF424F3C68E3
:107F50000CB16369A3B10022404B012E1A7003D10A
:107F600018F0020F18BF1E70FFF710FF222802D171
:107F7000022000F0C3F82846BDE8F84300F0E7B857
:107F800023465A693AB91A792179914288BF1C4629
:107F90009B68002BF5D1284600F0D9F82569DDB1A2
:107FA00000F060F8A269A0EB02084FEAE873A84568
:107FB00073F1000311DB23691344A361E36813B178
:107FC000204621689847B4F8068000F0C5F80136CD
:107FD0000546FFF7C1FEBAE7A84600F0BDF88146A6
:107FE0002046FFF79BFE484600F0B1F82369002BBE
:107FF000E4D0B5EB08054FEAE87363EB4303012DCA
:1080000073F1000304DA40F27C611548FEF764FE68
:10801000A38B33B1E28B13449BB2B3F57A7F0FD2BB
:10802000E38300F099F8804629462046FFF756FE84
:10803000A369226940461344A36100F088F8BDE7B4
:10804000A3F57A73E383A369013D013BA361E8E7EC
:10805000BDE8F883EC140020E4140020121700207F
:108060004090000808B5FFF78BFD014B986908BDEB
:1080700000C00A5007B5044B01A9187900F072F846
:10808000019803B05DF804FB5C8D0008F8B5044668
:1080900000F059F80746FFF773FD154B9D6900F096
:1080A00001F906460020FFF7B1FD830704D4731BD6
:1080B000032B01D8AE420FD10021631B022B98BFC6
:1080C000EC1C0846B4F1FF3F2CBF2246621EFFF7AE
:1080D000C1FD022000F0EAF8384600F02FF8054B09
:1080E0001A7822B10121044A916400221A70F8BD65
:1080F00000C00A50ED17002000D00A50830700F09E
:10810000010106D50123044A41F002011370034A1C
:1081100093640020FFF75EBDED17002000E00A50D9
:10812000830742BF0222014B1A64704700D00A50F5
:108130004FF4004070474FF47A70704710B962B640
:10814000BFF36F8F7047EFF3108072B6704780F304
:108150001188BFF36F8F7047EFF31180302383F3E3
:108160001188704709B100F005B82220704701213D
:10817000FFF784BD70B506460D46FFF7EDFF0446D8
:10818000202E59D8DFE806F0111A581F222558284A
:108190002B582E58313458373A3D5840584358558B
:1081A00058465849584C584F5200FFF795FB002647
:1081B00028602046FFF7CBFF304670BD4FF4C070FB
:1081C000FAF796F9F3E74FF42070F9E74FF44070AF
:1081D000F6E74FF46070F3E74FF40070F0E74FF408
:1081E0008060EDE74FF44060EAE74FF4C060E7E7F6
:1081F0004FF4F060E4E74FF4B060E1E74FF4D06093
:10820000DEE74FF41060DBE74FF4E060D8E74FF4AF
:10821000A060D5E74FF41860D2E74FF42860CFE7AD
:108220004FF48070CCE74FF42060C9E74FF448600A
:10823000C6E74FF40860C3E700202126B8E7002313
:108240000B707047F0B51F46002387B00D461646E9
:1082500004468DF81730A8B1C3610DF11701FFF77F
:108260000BFE9DF817207AB9BDF8343029460293E9
:108270009DF830302046CDE900733346FFF7B8FD56
:1082800007B0F0BD2220FBE70320F9E738B5FFF780
:1082900063FF0546FFF7E6FE04462846FFF757FF53
:1082A000204638BD00210846FFF7C0BC00F00101A0
:1082B000830748BF41F002010020FFF77DBC38B5BD
:1082C000FFF74AFF04460020FFF7A0FC830700F0F9
:1082D000010548BF45F0020500F003010020FFF74B
:1082E00087FC2846FFF71AFE2046BDE83840FFF716
:1082F0002EBF000000000000000000000000000091
:10830000F8B500BFF8BC08BC9E467047F8B500BF82
:10831000F8BC08BC9E4670472F686F6D652F687566
:10832000796E682F53696D706C69636974795374E1
:108330007564696F2F76365F776F726B73706163E8
:10834000652F656D7074795F322F656D7074795F1C
:10835000332F73696D706C69636974795F73646BD3
:108360005F323032352E31322E332F706C617466AD
:108370006F726D5F636F6D6D6F6E2F706C61746681
:108380006F726D2F636F6D6D6F6E2F7372632F73CE
:108390006C5F736C6973742E63002F686F6D652F4B
:1083A0006875796E682F53696D706C69636974794B
:1083B00053747564696F2F76365F776F726B737065
:1083C0006163652F656D7074795F322F656D7074B0
:1083D000795F332F73696D706C69636974795F734A
:1083E000646B5F323032352E31322E332F706C6138
:1083F00074666F726D5F636F72652F706C61746607
:108400006F726D2F6472697665722F6770696F2F56
:108410007372632F736C5F6770696F2E63000F0058
:10842000FF033F002F686F6D652F6875796E682FA9
:1084300053696D706C696369747953747564696F9D
:108440002F76365F776F726B73706163652F656D22
:108450007074795F322F656D7074795F332F636D3F
:10846000616B655F6763632F2E2E2F73696D706C70
:1084700069636974795F73646B5F323032352E31B2
:10848000322E332F706C6174666F726D5F636F7222
:10849000652F706C6174666F726D2F706572697094
:1084A000686572616C2F696E632F736C5F68616CB5
:1084B0005F6932632E68000001020000A08601009F
:1084C000DDFB05001F100F002F686F6D652F6875AD
:1084D000796E682F53696D706C6963697479537430
:1084E0007564696F2F76365F776F726B7370616337
:1084F000652F656D7074795F322F656D7074795F6B
:10850000332F73696D706C69636974795F73646B21
:108510005F323032352E31322E332F706C617466FB
:108520006F726D5F636F72652F706C6174666F72CE
:108530006D2F6472697665722F69326373706D2F67
:108540007372632F736C5F69326373706D2E630097
:108550001E0000032F686F6D652F6875796E682F98
:1085600053696D706C696369747953747564696F6C
:108570002F76365F776F726B73706163652F656DF1
:108580007074795F322F656D7074795F332F736902
:108590006D706C69636974795F73646B5F323032DC
:1085A000352E31322E332F706C6174666F726D5FB1
:1085B000636F72652F706C6174666F726D2F656D7D
:1085C0006C69622F7372632F656D5F636D752E63C7
:1085D000002F686F6D652F6875796E682F53696D10
:1085E000706C696369747953747564696F2F76363A
:1085F0005F776F726B73706163652F656D707479EF
:108600005F322F656D7074795F332F73696D706C95
:1086100069636974795F73646B5F323032352E3110
:10862000322E332F706C6174666F726D5F636F7280
:10863000652F706C6174666F726D2F656D6C696209
:108640002F7372632F656D5F656D752E63002F68E4
:108650006F6D652F6875796E682F53696D706C69E1
:108660006369747953747564696F2F76365F776FB9
:10867000726B73706163652F656D7074795F322FF3
:10868000656D7074795F332F636D616B655F6763D0
:10869000632F2E2E2F73696D706C69636974795F17
:1086A00073646B5F323032352E31322E332F706C63
:1086B0006174666F726D5F636F72652F706C617449
:1086C000666F726D2F656D6C69622F696E632F65C1
:1086D0006D5F6770696F2E68002F686F6D652F681A
:1086E00075796E682F53696D706C6963697479531D
:1086F000747564696F2F76365F776F726B73706114
:1087000063652F656D7074795F322F656D70747954
:108710005F332F73696D706C69636974795F73641B
:108720006B5F323032352E31322E332F706C6174E4
:10873000666F726D5F636F72652F706C6174666FC8
:10874000726D2F656D6C69622F7372632F656D5F3B
:108750006770696F2E630000FF000F00FF033F008A
:108760002F686F6D652F6875796E682F53696D700E
:108770006C696369747953747564696F2F76365FB9
:10878000776F726B73706163652F656D7074795F5D
:10879000322F656D7074795F332F73696D706C69FA
:1087A000636974795F73646B5F323032352E3132B6
:1087B0002E332F706C6174666F726D5F636F7265BC
:1087C0002F706C6174666F726D2F656D6C69622FAE
:1087D0007372632F656D5F6C646D612E63002F682B
:1087E0006F6D652F6875796E682F53696D706C6950
:1087F0006369747953747564696F2F76365F776F28
:10880000726B73706163652F656D7074795F322F61
:10881000656D7074795F332F636D616B655F67633E
:10882000632F2E2E2F73696D706C69636974795F85
:1088300073646B5F323032352E31322E332F706CD1
:108840006174666F726D5F636F72652F706C6174B7
:10885000666F726D2F656D6C69622F696E632F652F
:108860006D5F6275732E68002F686F6D652F687578
:10887000796E682F53696D706C696369747953748C
:108880007564696F2F76365F776F726B7370616393
:10889000652F656D7074795F322F656D7074795FC7
:1088A000332F73696D706C69636974795F73646B7E
:1088B0005F323032352E31322E332F706C61746658
:1088C0006F726D5F636F72652F706C6174666F722B
:1088D0006D2F656D6C69622F7372632F656D5F75A7
:1088E000736172742E63002F686F6D652F687579E0
:1088F0006E682F53696D706C696369747953747510
:1089000064696F2F76365F776F726B737061636522
:108910002F656D7074795F322F656D7074795F3378
:108920002F636D616B655F6763632F2E2E2F7369F5
:108930006D706C69636974795F73646B5F32303238
:10894000352E31322E332F706C6174666F726D5F0D
:10895000636F72652F706C6174666F726D2F7065D6
:10896000726970686572616C2F696E632F736C5FDA
:1089700068616C5F6770696F2E68002F686F6D6546
:108980002F6875796E682F53696D706C69636974AF
:108990007953747564696F2F76365F776F726B7376
:1089A000706163652F656D7074795F322F656D70CE
:1089B00074795F332F73696D706C69636974795F63
:1089C00073646B5F323032352E31322E332F706C40
:1089D0006174666F726D5F636F72652F706C617426
:1089E000666F726D2F7065726970686572616C2F49
:1089F0007372632F736C5F68616C5F6770696F2E51
:108A000063000F00FF033F002F686F6D652F6875CF
:108A1000796E682F53696D706C69636974795374EA
:108A20007564696F2F76365F776F726B73706163F1
:108A3000652F656D7074795F322F656D7074795F25
:108A4000332F73696D706C69636974795F73646BDC
:108A50005F323032352E31322E332F706C617466B6
:108A60006F726D5F636F72652F706C6174666F7289
:108A70006D2F7065726970686572616C2F737263B7
:108A80002F736C5F68616C5F6932632E6300080945
:108A900011082F686F6D652F6875796E682F53699F
:108AA0006D706C696369747953747564696F2F763E
:108AB000365F776F726B73706163652F656D70746D
:108AC000795F322F656D7074795F332F636D616BE1
:108AD000655F6763632F2E2E2F73696D706C6963FA
:108AE0006974795F73646B5F323032352E31322EA8
:108AF000332F706C6174666F726D5F636F72652F78
:108B0000706C6174666F726D2F70657269706865E4
:108B100072616C2F696E632F736C5F68616C5F7339
:108B200079737274632E68002F686F6D652F687596
:108B3000796E682F53696D706C69636974795374C9
:108B40007564696F2F76365F776F726B73706163D0
:108B5000652F656D7074795F322F656D7074795F04
:108B6000332F73696D706C69636974795F73646BBB
:108B70005F323032352E31322E332F706C61746695
:108B80006F726D5F636F72652F706C6174666F7268
:108B90006D2F7065726970686572616C2F73726396
:108BA0002F736C5F68616C5F7379737274635F734A
:108BB000756273797374656D2E63002F686F6D65D0
:108BC0002F6875796E682F53696D706C696369746D
:108BD0007953747564696F2F76365F776F726B7334
:108BE000706163652F656D7074795F322F656D708C
:108BF00074795F332F73696D706C69636974795F21
:108C000073646B5F323032352E31322E332F706CFD
:108C10006174666F726D5F636F72652F706C6174E3
:108C2000666F726D2F736572766963652F636C6F03
:108C3000636B5F6D616E616765722F7372632F7313
:108C40006C5F636C6F636B5F6D616E616765725FB4
:108C500068616C5F73322E63002F686F6D652F68DB
:108C600075796E682F53696D706C69636974795397
:108C7000747564696F2F76365F776F726B7370618E
:108C800063652F656D7074795F322F656D707479CF
:108C90005F332F73696D706C69636974795F736496
:108CA0006B5F323032352E31322E332F706C61745F
:108CB000666F726D5F636F72652F706C6174666F43
:108CC000726D2F736572766963652F636C6F636B6A
:108CD0005F6D616E616765722F7372632F736C5F76
:108CE000636C6F636B5F6D616E616765725F696E08
:108CF00069745F68616C5F73322E63000126000047
:108D0000040000000000000000010000000000005E
:108D10000B0000000C0000000300000000002020F9
:108D200000000000030000003C3C3C00000000008C
:108D30000000000000000000010310010109030011
:108D40001E000000160000008A00000089000000DC
:108D50000F0000000E0000001A00000000C00A50C2
:108D600013000000408D000800800B50030000003D
:108D7000488D0008BC8D0008B88D000800400B50DD
:108D8000030000004C8D0008C48D0008C08D000851
:108D900000000B5003000000508D0008CC8D00082F
:108DA000C88D00080000005B04000000548D00081E
:108DB000D48D0008D08D000801001D0000001D00AA
:108DC00001001C0000001C0001000600000006005D
:108DD00001000500000005002F686F6D652F6875A4
:108DE000796E682F53696D706C6963697479537417
:108DF0007564696F2F76365F776F726B737061631E
:108E0000652F656D7074795F322F656D7074795F51
:108E1000332F73696D706C69636974795F73646B08
:108E20005F323032352E31322E332F706C617466E2
:108E30006F726D5F636F72652F706C6174666F72B5
:108E40006D2F736572766963652F696E74657272D2
:108E50007570745F6D616E616765722F7372632FD9
:108E6000736C5F696E746572727570745F6D616E3C
:108E7000616765725F636F727465786D2E63002F32
:108E8000686F6D652F6875796E682F53696D706CAA
:108E9000696369747953747564696F2F76365F7787
:108EA0006F726B73706163652F656D7074795F327B
:108EB0002F656D7074795F332F73696D706C6963A2
:108EC0006974795F73646B5F323032352E31322EC4
:108ED000332F706C6174666F726D5F636F72652F94
:108EE000706C6174666F726D2F73657276696365FD
:108EF0002F696F73747265616D2F7372632F736C5A
:108F00005F696F73747265616D5F726574617267BA
:108F100065745F737464696F2E63002F686F6D658D
:108F20002F6875796E682F53696D706C6963697409
:108F30007953747564696F2F76365F776F726B73D0
:108F4000706163652F656D7074795F322F656D7028
:108F500074795F332F73696D706C69636974795FBD
:108F600073646B5F323032352E31322E332F706C9A
:108F70006174666F726D5F636F72652F706C617480
:108F8000666F726D2F736572766963652F696F7393
:108F9000747265616D2F7372632F736C5F696F7389
:108FA000747265616D5F756172742E63002F686FF6
:108FB0006D652F6875796E682F53696D706C696384
:108FC00069747953747564696F2F76365F776F7241
:108FD0006B73706163652F656D7074795F322F6597
:108FE0006D7074795F332F73696D706C6963697428
:108FF000795F73646B5F323032352E31322E332F0E
:10900000706C6174666F726D5F636F72652F706CE8
:109010006174666F726D2F736572766963652F690F
:109020006F73747265616D2F7372632F736C5F69F8
:109030006F73747265616D5F75736172742E630016
:109040002F686F6D652F6875796E682F53696D7025
:109050006C696369747953747564696F2F76365FD0
:10906000776F726B73706163652F656D7074795F74
:10907000322F656D7074795F332F73696D706C6911
:10908000636974795F73646B5F323032352E3132CD
:109090002E332F706C6174666F726D5F636F7265D3
:1090A0002F706C6174666F726D2F73657276696371
:1090B000652F736C65657074696D65722F7372636B
:1090C0002F736C5F736C65657074696D65722E6368
:1090D000002F686F6D652F6875796E682F53696D05
:1090E000706C696369747953747564696F2F76362F
:1090F0005F776F726B73706163652F656D707479E4
:109100005F322F656D7074795F332F73696D706C8A
:1091100069636974795F73646B5F323032352E3105
:10912000322E332F706C6174666F726D5F636F7275
:10913000652F706C6174666F726D2F7365727669DE
:1091400063652F7564656C61792F7372632F736C1F
:109150005F7564656C61792E6300666E692B0066CD
:109160006E69006E616E00666E692D000000000081
:10917000000000000000F03F00000000000024405C
:1091800000000000000059400000000000408F4037
:10919000000000000088C34000000000006AF840A2
:1091A0000000000080842E4100000000D0126341C6
:1091B0000000000084D797410000000065CDCD413C
:1091C00048454C4C4F0D0A000D0A4B686F692064EE
:1091D0006F6E672078473236202B204D4158333050
:1091E0003130322056322E302E2E2E0D0A004B6892
:1091F0006F6E672074696D2074686179204D4158E5
:109200003330313032210D0A004B69656D207472A4
:10921000613A203356332C20474E442C205344418E
:109220002C2053434C0D0A004B6574206E6F69204F
:109230004D41583330313032207468616E6820639C
:109240006F6E67210D0A00426174206461752064AD
:109250006F2E2E2E0D0A0044617420646175206EFD
:10926000676F6E20746179206C656E206D6174206B
:1092700063616D206269656E2E0D0A002D2D2D2D06
:109280002D2D2D2D2D2D2D2D2D2D2D2D2D2D2D2D0E
:109290002D2D2D2D2D2D2D2D2D2D2D2D0D0A003D5E
:1092A0003D3D3D3D204B45542051554120444F20EC
:1092B0003D3D3D3D3D0D0A004E6869702074696D6D
:1092C0003A2025642042504D0D0A004E68697020F6
:1092D00074696D3A204368756120636F206475205E
:1092E0006C6965750D0A0053704F323A2025642071
:1092F00025250D0A0053704F323A204368756120CE
:10930000636F206475206C6965750D0A003D3D3DF5
:109310003D3D3D3D3D3D3D3D3D3D3D3D3D3D3D3D7D
:109320003D3D3D0D0A0D0A002F686F6D652F687574
:10933000796E682F53696D706C69636974795374C1
:109340007564696F2F76365F776F726B73706163C8
:10935000652F656D7074795F322F656D7074795FFC
:10936000332F6175746F67656E2F736C5F696F73F0
:10937000747265616D5F696E69745F757361727433
:109380005F696E7374616E6365732E630076636FDD
:109390006D000000050000000000000000C2010098
:1093A00000050000001000000000000000000000A8
:0893B0002C75FF7F0100000095
:0C93B800C49300083817002030000000AB
:1093C400C0EA2101C0EA210100800000C017530255
:1093D400F81700200000005B0205020700000000EF
:1093E400A0860100000000000000005B6817002058
:1093F400A81500208D93000802000000955900086C
:109404000000000000000000000000000000000058
:109414000E0000009017002000000000C41500207A
:109424002C1600209416002000000000000000000C
:109434000000000000000000000000000000000028
:109444000000000000000000000000000000000018
:109454000000000000000000000000000000000008
:10946400000000000000000003000000C4150020FC
:10947400FFFFFFFF28010000B90800089108000859
:040000050800099551
:00000001FF
